,a,b,human_minutes
astropy__astropy-12907,2.1322521817186044,-1.0684738159179688,30.0
astropy__astropy-13033,0.9315124070963477,5.590530872344971,30.0
astropy__astropy-13236,0.43294010830713003,5.511049747467041,30.0
astropy__astropy-13398,8.11589033569286,4.800283908843994,120.0
astropy__astropy-13453,1.4845620104052297,-0.273622989654541,30.0
astropy__astropy-13579,2.319258860135901,-0.898953378200531,120.0
astropy__astropy-13977,8.041803528763444,5.395143032073975,30.0
astropy__astropy-14096,1.0570618154541322,-0.9890710115432739,30.0
astropy__astropy-14182,1.2998378755613038,3.2725751399993896,30.0
astropy__astropy-14309,1.4861809176909917,-3.7171876430511475,3.872983346207417
astropy__astropy-14365,1.5873011894348867,2.5558624267578125,30.0
astropy__astropy-14369,1.2738549318342494,1.9129046201705933,120.0
astropy__astropy-14508,1.8278253796461226,-0.33692818880081177,30.0
astropy__astropy-14539,1.813945565972284,-1.2507373094558716,30.0
astropy__astropy-14598,0.9308514801511882,3.9552369117736816,30.0
astropy__astropy-14995,2.147845171223412,-2.0932345390319824,3.872983346207417
astropy__astropy-7166,1.0530339445616763,-1.849684715270996,3.872983346207417
astropy__astropy-7336,0.8149476360997752,-3.585347890853882,3.872983346207417
astropy__astropy-7606,0.48150049757718144,5.643909931182861,30.0
astropy__astropy-7671,0.6029273580268595,-3.392951488494873,30.0
astropy__astropy-8707,0.5291725314250924,5.381795883178711,30.0
astropy__astropy-8872,0.5326957148878255,5.678018093109131,30.0
django__django-10097,0.3361705537949142,2.011880397796631,3.872983346207417
django__django-10554,11.384783458535692,4.5099568367004395,120.0
django__django-10880,1.4052990184561827,-1.5634628534317017,3.872983346207417
django__django-10914,1.0633118039189686,-2.514218330383301,3.872983346207417
django__django-10973,0.9126844027325733,-1.881832242012024,30.0
django__django-10999,10.043695111275458,4.589590072631836,3.872983346207417
django__django-11066,1.4319007664899093,-4.0983991622924805,3.872983346207417
django__django-11087,11.906990262635604,4.446849822998047,30.0
django__django-11095,3.5332326972469597,-2.231266975402832,30.0
django__django-11099,1.1254706379862647,-3.8385298252105713,3.872983346207417
django__django-11119,0.9384318716159408,-4.0622878074646,3.872983346207417
django__django-11133,0.9417221093712673,-3.4066579341888428,3.872983346207417
django__django-11138,2.5704830114147144,2.4177086353302,120.0
django__django-11141,0.682100816890452,2.9633467197418213,30.0
django__django-11149,1.2553070277882592,1.529741883277893,30.0
django__django-11163,1.1617827801974823,-3.383816719055176,3.872983346207417
django__django-11179,1.9391949837855524,-2.0239973068237305,3.872983346207417
django__django-11206,0.454428683501161,1.6003797054290771,30.0
django__django-11211,1.6981571577500738,-0.8496561646461487,30.0
django__django-11239,1.324936613905374,0.6823635101318359,3.872983346207417
django__django-11265,0.6019360536084266,1.9633255004882812,30.0
django__django-11276,0.5850954142202378,-2.0305984020233154,30.0
django__django-11292,2.4362127843970462,-1.3328988552093506,30.0
django__django-11299,1.683503441162949,-0.06768817454576492,3.872983346207417
django__django-11333,1.7468424251911547,0.23116068542003632,30.0
django__django-11400,7.4609546156273465,4.874536037445068,120.0
django__django-11433,2.0700614283249386,2.2000575065612793,3.872983346207417
django__django-11451,0.965693575750015,-2.014862537384033,3.872983346207417
django__django-11477,0.7546136412698912,6.074707508087158,30.0
django__django-11490,1.1969910400617962,0.8273011445999146,3.872983346207417
django__django-11532,0.41597463869282286,1.0420724153518677,30.0
django__django-11551,1.578135679186665,-2.35495924949646,30.0
django__django-11555,1.1362974069786165,0.6687461733818054,3.872983346207417
django__django-11603,1.2323004649670815,-3.1943368911743164,3.872983346207417
django__django-11728,1.068390945581449,2.900829553604126,30.0
django__django-11734,1.6934220096176624,3.7457516193389893,30.0
django__django-11740,1.9352779542647278,-0.18148201704025269,30.0
django__django-11749,1.1866978231485694,-1.2208919525146484,30.0
django__django-11790,0.21211749141416616,6.458140850067139,30.0
django__django-11815,0.6109821204713823,-0.9149066209793091,30.0
django__django-11820,3.821157560028127,3.481586217880249,3.872983346207417
django__django-11848,0.2630997592877558,2.8375000953674316,30.0
django__django-11880,2.097261059372874,-2.6509954929351807,3.872983346207417
django__django-11885,1.6925508548595056,2.5295584201812744,120.0
django__django-11951,1.217520192770569,-1.8077993392944336,3.872983346207417
django__django-11964,0.33462511151319346,2.973546028137207,3.872983346207417
django__django-11999,1.099959237381102,-2.1741700172424316,30.0
django__django-12039,1.1727922446969552,-0.24020624160766602,30.0
django__django-12050,1.6298080861133655,-2.0255448818206787,30.0
django__django-12125,0.9529195118183622,0.46722304821014404,3.872983346207417
django__django-12143,1.3468171271261309,-3.3156051635742188,30.0
django__django-12155,0.8154003319352404,-4.508732795715332,30.0
django__django-12193,0.24072905455957921,-0.22011327743530273,3.872983346207417
django__django-12209,1.111072120154405,-1.822656273841858,3.872983346207417
django__django-12262,1.4416649373256167,-0.9141864776611328,30.0
django__django-12273,0.5851810720267859,3.3787484169006348,30.0
django__django-12276,0.9816310695066147,-2.0866827964782715,3.872983346207417
django__django-12304,2.0042446569445733,-0.5533982515335083,3.872983346207417
django__django-12308,0.36021978625644974,4.219226360321045,3.872983346207417
django__django-12325,0.40239045457006617,5.057225704193115,120.0
django__django-12406,3.7392594782804895,3.3730876445770264,30.0
django__django-12419,0.9538603378462522,-3.8538877964019775,3.872983346207417
django__django-12663,1.377346359424656,0.5863953828811646,30.0
django__django-12708,1.7094568153998533,-0.693362832069397,120.0
django__django-12713,1.149317881772536,-1.9960507154464722,30.0
django__django-12741,1.2661273894558895,-1.2904812097549438,3.872983346207417
django__django-12754,2.246831406389799,0.3682601749897003,30.0
django__django-12774,1.8976123715457773,0.10466925799846649,30.0
django__django-12858,1.5874311423083318,-0.881287693977356,30.0
django__django-12965,2.1176305209230795,0.6690653562545776,30.0
django__django-13012,1.1918706066159248,-0.9798811674118042,30.0
django__django-13023,1.3871373124022395,0.34157097339630127,3.872983346207417
django__django-13028,1.2471977741518387,-1.5803887844085693,30.0
django__django-13033,1.6559326275680566,-0.3301830291748047,30.0
django__django-13089,1.2703637110719348,-3.2802929878234863,3.872983346207417
django__django-13109,0.8650327504406085,-2.906223773956299,3.872983346207417
django__django-13112,1.8763572127961177,0.7420850396156311,3.872983346207417
django__django-13121,1.9492874560780795,0.10151045769453049,30.0
django__django-13128,2.189840946814281,0.2774152457714081,120.0
django__django-13158,1.658270832115339,0.06453744322061539,30.0
django__django-13195,2.0989127953167355,3.418804168701172,30.0
django__django-13212,7.936820062459195,4.9706621170043945,120.0
django__django-13279,1.5674013880500277,-0.7760536074638367,30.0
django__django-13297,1.7149596466413424,0.40125054121017456,3.872983346207417
django__django-13315,1.0172867067096871,-0.7424219250679016,30.0
django__django-13343,1.2506923275411477,-1.261972427368164,30.0
django__django-13344,2.2280244020012536,3.2868845462799072,120.0
django__django-13346,1.9346842155570088,0.4501064121723175,30.0
django__django-13363,2.093206023551913,-2.3649799823760986,3.872983346207417
django__django-13401,0.852111730338573,-0.8365784287452698,30.0
django__django-13406,1.2286733027027448,0.10105565935373306,3.872983346207417
django__django-13410,1.228249365624097,-3.204610824584961,3.872983346207417
django__django-13417,1.6053108989344198,-1.697496771812439,3.872983346207417
django__django-13449,1.7171448563535483,-0.20439264178276062,120.0
django__django-13512,0.9458822402617542,1.051547884941101,3.872983346207417
django__django-13513,7.959292428845913,5.0743865966796875,30.0
django__django-13516,1.554338221207687,-1.9136422872543335,30.0
django__django-13551,1.3468312558741724,0.2678106129169464,3.872983346207417
django__django-13568,1.5501375115764997,0.7744770050048828,30.0
django__django-13569,1.3408180943584618,-1.1621274948120117,30.0
django__django-13590,1.2493703938638026,-1.0855133533477783,30.0
django__django-13658,1.1075420006966554,-4.745978832244873,30.0
django__django-13670,1.3697864978669863,-2.8658714294433594,30.0
django__django-13741,1.0707700723547104,-3.2356271743774414,3.872983346207417
django__django-13786,1.05180891388805,-2.3617143630981445,30.0
django__django-13794,0.48128601535721327,6.419620037078857,3.872983346207417
django__django-13807,1.6146806739854678,1.0835816860198975,3.872983346207417
django__django-13809,0.6688743825933097,-1.8678137063980103,30.0
django__django-13810,0.8071140770631378,-1.3718560934066772,30.0
django__django-13820,1.5519732931226786,-2.6355953216552734,30.0
django__django-13821,1.6882524137079606,-2.0262248516082764,3.872983346207417
django__django-13837,1.1607487326948638,-1.3568304777145386,120.0
django__django-13925,0.7717236347128836,0.6862186193466187,30.0
django__django-13933,1.382207091345262,-1.8605996370315552,3.872983346207417
django__django-13964,1.0924086925484024,0.003979258239269257,30.0
django__django-14007,1.451416443924354,-0.5964822173118591,120.0
django__django-14011,10.599283855017525,4.799083709716797,120.0
django__django-14017,1.742551507678847,-0.6488751769065857,30.0
django__django-14034,11.264013275373904,5.127711772918701,30.0
django__django-14053,0.5220090109729176,-1.988771677017212,30.0
django__django-14089,1.0302859379792204,-3.2338104248046875,3.872983346207417
django__django-14122,1.2812927208847977,-0.4677499234676361,30.0
django__django-14140,0.2355828977568199,3.986887216567993,30.0
django__django-14155,8.886579160314897,4.472738265991211,30.0
django__django-14170,1.6124151772134534,3.7648508548736572,30.0
django__django-14238,1.4347473855305704,-1.9303584098815918,30.0
django__django-14311,1.6699261679680755,0.16436219215393066,30.0
django__django-14315,0.9655040786291388,5.050837993621826,3.872983346207417
django__django-14349,1.5391430133186665,-1.7769172191619873,30.0
django__django-14351,0.9423837369032343,0.7817371487617493,30.0
django__django-14373,3.01812085471912,-4.263319969177246,3.872983346207417
django__django-14376,1.0056307165405842,1.9895410537719727,3.872983346207417
django__django-14404,1.0637797973421006,1.4835789203643799,3.872983346207417
django__django-14434,1.4638962109547224,-1.1105414628982544,30.0
django__django-14493,1.4943486458206834,-1.7028639316558838,3.872983346207417
django__django-14500,0.7964943344584119,-1.3152871131896973,30.0
django__django-14534,0.8626054706384525,3.6193490028381348,3.872983346207417
django__django-14539,1.3255728496212382,-1.5172606706619263,3.872983346207417
django__django-14559,0.8000993222568625,-1.3372678756713867,30.0
django__django-14580,1.4333655310000768,-0.21893902122974396,3.872983346207417
django__django-14608,1.0699387592977632,-1.3200350999832153,3.872983346207417
django__django-14631,1.251246390885985,0.8884552717208862,120.0
django__django-14672,1.789248807682151,-2.151045799255371,30.0
django__django-14725,1.045052498592213,3.25132417678833,30.0
django__django-14752,2.0875183763763525,-2.8606081008911133,3.872983346207417
django__django-14765,1.2667951472126078,-3.0319361686706543,3.872983346207417
django__django-14771,0.9475370700592326,0.2700292468070984,30.0
django__django-14787,1.9777225978224278,-1.4095028638839722,3.872983346207417
django__django-14792,1.6569148977809403,4.454226970672607,3.872983346207417
django__django-14855,1.004779038747398,-3.5477797985076904,3.872983346207417
django__django-14915,2.04921456192404,-2.5668253898620605,3.872983346207417
django__django-14999,0.7912903132401539,-0.9123043417930603,3.872983346207417
django__django-15022,0.4289446024339479,-0.6444118618965149,30.0
django__django-15037,1.5619498138799068,0.07159380614757538,30.0
django__django-15098,2.57151173424534,3.67256236076355,30.0
django__django-15103,1.3660570717427987,-1.2293814420700073,30.0
django__django-15104,2.1092705612713347,-3.0936057567596436,3.872983346207417
django__django-15127,0.641661340601224,2.6801271438598633,3.872983346207417
django__django-15128,0.7042593350071138,0.07523658871650696,120.0
django__django-15161,1.4944174986097647,-0.025774924084544182,30.0
django__django-15252,2.498400644543806,3.53939151763916,30.0
django__django-15268,1.4546058463527283,0.21663208305835724,120.0
django__django-15277,1.3786998469091116,-2.898703098297119,3.872983346207417
django__django-15278,2.4223186784655706,-1.3099905252456665,30.0
django__django-15280,2.221909373225954,2.4672691822052,30.0
django__django-15315,1.0605987730689392,-2.402907609939575,3.872983346207417
django__django-15368,1.924850337500206,-3.233656167984009,3.872983346207417
django__django-15375,2.4034388205308157,0.2620430588722229,30.0
django__django-15380,0.9532021401066086,-1.4231698513031006,3.872983346207417
django__django-15382,2.1880374470675026,-0.4862920343875885,30.0
django__django-15467,1.8788635331569674,-3.426041603088379,3.872983346207417
django__django-15499,1.3632547528735952,-1.7373590469360352,3.872983346207417
django__django-15503,1.887756392457699,1.7616171836853027,120.0
django__django-15525,1.694763574014033,-0.3212650418281555,30.0
django__django-15554,1.9771395242428749,1.8798503875732422,30.0
django__django-15561,2.038153597310607,-1.250486135482788,30.0
django__django-15563,0.7465210107324035,3.234584093093872,30.0
django__django-15569,1.209101828154294,-3.4632766246795654,3.872983346207417
django__django-15572,0.9548060196023698,-1.6918556690216064,3.872983346207417
django__django-15629,7.340071608316195,4.148632049560547,120.0
django__django-15695,0.7296792672481129,4.657303333282471,30.0
django__django-15731,1.1620709380869914,-2.309612989425659,30.0
django__django-15732,0.5773305108791907,3.8011090755462646,30.0
django__django-15741,0.7029166558510851,-2.8291594982147217,3.872983346207417
django__django-15814,1.4240083262888954,-1.1522945165634155,30.0
django__django-15851,1.857220730926626,-2.4829187393188477,3.872983346207417
django__django-15863,1.8070189529370444,-1.5059434175491333,3.872983346207417
django__django-15916,0.9593322432616741,1.6296812295913696,30.0
django__django-15930,1.7518580927405667,-0.4805101454257965,3.872983346207417
django__django-15957,2.6648385854005188,2.692640781402588,120.0
django__django-15973,1.76762360223454,3.134395122528076,30.0
django__django-15987,0.2950789326472052,-2.42545223236084,3.872983346207417
django__django-16032,2.1810480999096766,-0.1422109156847,30.0
django__django-16082,1.9319331152975927,-0.7583501935005188,30.0
django__django-16100,0.9878854018178846,-0.9283211827278137,3.872983346207417
django__django-16116,1.4718539545570397,-1.4987651109695435,3.872983346207417
django__django-16136,1.303759590690305,-1.0937608480453491,30.0
django__django-16139,0.9836752774838001,-3.4213786125183105,3.872983346207417
django__django-16145,1.4250163487024505,-2.24141263961792,3.872983346207417
django__django-16255,0.9044110795218535,-4.6699676513671875,3.872983346207417
django__django-16256,1.8196753114465525,3.435495138168335,30.0
django__django-16263,7.3876063717322475,5.637282848358154,120.0
django__django-16315,1.3640073533894355,0.6421495676040649,30.0
django__django-16333,1.4021815382137106,-2.391249179840088,3.872983346207417
django__django-16429,1.472229089114081,-2.750845432281494,3.872983346207417
django__django-16454,0.47316791044619305,2.534794807434082,30.0
django__django-16485,1.2550288512319114,-2.725874900817871,30.0
django__django-16493,2.083594692790183,-2.03003191947937,30.0
django__django-16502,10.971553436488595,4.8484673500061035,30.0
django__django-16527,0.9397669236269738,-4.002399921417236,30.0
django__django-16560,1.4486907472561805,1.4553005695343018,120.0
django__django-16569,0.8832799316462947,-5.049178600311279,3.872983346207417
django__django-16595,1.4251906088289843,-2.583801746368408,3.872983346207417
django__django-16612,1.1889766996418345,-2.2999472618103027,30.0
django__django-16631,10.98448059192795,4.552229881286621,120.0
django__django-16642,0.5269381249615378,-0.40770992636680603,3.872983346207417
django__django-16661,1.4669608437622135,8.763093501329422e-05,30.0
django__django-16662,1.5945438730056047,-1.8488917350769043,30.0
django__django-16667,10.676281381313647,4.75904655456543,30.0
django__django-16801,0.9521828725715222,-2.952465057373047,3.872983346207417
django__django-16819,1.643427404694619,-1.4930191040039062,30.0
django__django-16877,0.5336729895098034,0.7345795631408691,30.0
django__django-16899,1.3465466222996731,-1.3808330297470093,3.872983346207417
django__django-16901,1.5198782642592146,-1.2680034637451172,30.0
django__django-16938,0.8940965392951017,1.8761836290359497,30.0
django__django-16950,1.9178014136713382,1.9623072147369385,30.0
django__django-17029,0.9608700044632071,-3.6352150440216064,3.872983346207417
django__django-17084,1.3758205435060546,0.7345356941223145,30.0
django__django-17087,2.5073031962977828,-0.795059084892273,3.872983346207417
django__django-7530,0.4846368942910721,-3.953320264816284,30.0
django__django-9296,1.1303267021746657,-3.5222017765045166,3.872983346207417
matplotlib__matplotlib-13989,1.3062372815776568,-1.7495163679122925,3.872983346207417
matplotlib__matplotlib-14623,1.5216158109888351,0.1533719301223755,30.0
matplotlib__matplotlib-20488,0.8503161224797694,1.4081166982650757,30.0
matplotlib__matplotlib-20676,0.60942162931636,3.0974678993225098,3.872983346207417
matplotlib__matplotlib-20826,0.8611103129725832,1.2594192028045654,30.0
matplotlib__matplotlib-20859,1.1848071426931124,-1.3201253414154053,3.872983346207417
matplotlib__matplotlib-21568,2.146527081903763,3.6270463466644287,30.0
matplotlib__matplotlib-22719,0.9676980479026697,-2.9741756916046143,3.872983346207417
matplotlib__matplotlib-22865,1.3712660212837247,0.5765395164489746,30.0
matplotlib__matplotlib-22871,1.6235206908979718,0.8706134557723999,30.0
matplotlib__matplotlib-23299,0.5008269813832418,6.526665210723877,30.0
matplotlib__matplotlib-23314,1.081026520306159,-1.3635553121566772,30.0
matplotlib__matplotlib-23412,1.1759701780597516,-1.9719502925872803,30.0
matplotlib__matplotlib-23476,0.8257330916012702,5.327939987182617,3.872983346207417
matplotlib__matplotlib-24026,0.6868845960726976,-2.0834438800811768,30.0
matplotlib__matplotlib-24149,1.1993084833839893,-1.666481614112854,3.872983346207417
matplotlib__matplotlib-24177,3.1623670545604603,2.3555049896240234,3.872983346207417
matplotlib__matplotlib-24570,0.3931188086674368,-1.9796613454818726,3.872983346207417
matplotlib__matplotlib-24627,1.0793602727900622,-0.4384475648403168,30.0
matplotlib__matplotlib-24637,1.1556857218456034,-0.712417483329773,30.0
matplotlib__matplotlib-24870,4.231540186957971,2.8832499980926514,30.0
matplotlib__matplotlib-24970,1.427503578425711,-1.5816338062286377,30.0
matplotlib__matplotlib-25122,1.1603082916180882,-2.3754589557647705,3.872983346207417
matplotlib__matplotlib-25287,1.1317752672516497,-2.485215425491333,3.872983346207417
matplotlib__matplotlib-25311,1.1683314809534344,-0.0011468399316072464,3.872983346207417
matplotlib__matplotlib-25332,1.0053258901887498,0.029471907764673233,3.872983346207417
matplotlib__matplotlib-25479,2.922134962933943,5.616889953613281,3.872983346207417
matplotlib__matplotlib-25775,0.6676239959645731,0.5039681196212769,30.0
matplotlib__matplotlib-25960,1.333348928475095,3.1333913803100586,30.0
matplotlib__matplotlib-26113,1.1739514388093393,-2.517024040222168,3.872983346207417
matplotlib__matplotlib-26208,1.7391464325108936,3.9705443382263184,3.872983346207417
matplotlib__matplotlib-26291,0.6809637733379604,0.2743111848831177,30.0
matplotlib__matplotlib-26342,1.6307447274400715,-1.4536046981811523,30.0
matplotlib__matplotlib-26466,10.444856211660746,4.37648868560791,30.0
mwaskom__seaborn-3069,1.2577875468665056,1.0998767614364624,30.0
mwaskom__seaborn-3187,1.3536564966262141,3.3436126708984375,30.0
pallets__flask-5014,0.8722063393949002,-3.2283613681793213,3.872983346207417
psf__requests-1142,0.6189307241449598,-0.17713092267513275,3.872983346207417
psf__requests-1724,0.0929169199848574,-1.3205186128616333,3.872983346207417
psf__requests-1766,0.15414699652123004,-2.880758762359619,3.872983346207417
psf__requests-1921,0.2291946510488742,0.3849894404411316,3.872983346207417
psf__requests-2317,0.10649592254253752,-1.2719436883926392,3.872983346207417
psf__requests-2931,0.5715975994735752,1.6507612466812134,30.0
psf__requests-5414,0.9891905210417281,-0.07658886164426804,3.872983346207417
psf__requests-6028,1.769277978808879,3.094468593597412,30.0
pydata__xarray-2905,0.9399403079163227,-0.5105847716331482,30.0
pydata__xarray-3095,2.0967588433947055,-0.3833572268486023,30.0
pydata__xarray-3151,2.4586473816691203,-1.153503656387329,30.0
pydata__xarray-3305,0.9626586887612503,-1.3211886882781982,30.0
pydata__xarray-3677,2.179506707749635,-2.0008699893951416,30.0
pydata__xarray-3993,1.2850910188693379,0.5610737800598145,120.0
pydata__xarray-4075,2.1018544458185486,-3.082932949066162,3.872983346207417
pydata__xarray-4094,1.2753503882039086,-0.11528007686138153,3.872983346207417
pydata__xarray-4356,1.3410430452132287,-2.2379543781280518,3.872983346207417
pydata__xarray-4629,1.6033057069777046,-3.4722025394439697,3.872983346207417
pydata__xarray-4687,0.9510096038946684,1.8456617593765259,30.0
pydata__xarray-4695,1.5593285195567321,0.11143705993890762,30.0
pydata__xarray-4966,1.687587395720123,-1.747213363647461,30.0
pydata__xarray-6461,0.8620124706224447,-1.4865480661392212,3.872983346207417
pydata__xarray-6599,0.23949543691953695,2.734917640686035,30.0
pydata__xarray-6721,0.833529077597238,0.029128137975931168,30.0
pydata__xarray-6744,0.9826789313528216,0.17015992105007172,30.0
pydata__xarray-6938,1.3638506137326645,2.780333995819092,30.0
pydata__xarray-6992,8.009427898926946,4.760091781616211,480.0
pydata__xarray-7229,3.689199258758974,4.975185394287109,30.0
pydata__xarray-7233,1.5767836152722203,-2.0082685947418213,30.0
pydata__xarray-7393,1.094989472110829,0.19043096899986267,30.0
pylint-dev__pylint-4551,7.798110079088987,4.849568843841553,120.0
pylint-dev__pylint-4604,10.480659963674603,4.848551273345947,30.0
pylint-dev__pylint-4661,9.655397542799543,5.005623817443848,30.0
pylint-dev__pylint-4970,0.35105795637703857,4.59387731552124,3.872983346207417
pylint-dev__pylint-6386,1.1469118646463572,1.4728736877441406,30.0
pylint-dev__pylint-6528,0.6901634396370327,1.126253604888916,30.0
pylint-dev__pylint-6903,1.6098701486476712,-3.668659210205078,3.872983346207417
pylint-dev__pylint-7080,0.43487918578256574,4.130195617675781,30.0
pylint-dev__pylint-7277,0.1846834817197835,-3.6030564308166504,3.872983346207417
pylint-dev__pylint-8898,0.46432261637991934,5.66901159286499,120.0
pytest-dev__pytest-10051,1.368768836626468,0.9253333210945129,30.0
pytest-dev__pytest-10081,1.6769890611401024,-1.0705958604812622,3.872983346207417
pytest-dev__pytest-10356,7.607094849150335,3.738335132598877,120.0
pytest-dev__pytest-5262,1.495168092846795,-1.0698928833007812,3.872983346207417
pytest-dev__pytest-5631,1.3245805358315503,-1.4561073780059814,30.0
pytest-dev__pytest-5787,2.915723042969522,1.460142731666565,120.0
pytest-dev__pytest-5809,1.026210330261115,-3.7345449924468994,3.872983346207417
pytest-dev__pytest-5840,2.4057685771523585,3.4665753841400146,30.0
pytest-dev__pytest-6197,1.675140987911066,1.624071717262268,120.0
pytest-dev__pytest-6202,1.725256756196917,-3.4447696208953857,3.872983346207417
pytest-dev__pytest-7205,0.1658791256728317,-3.013012170791626,3.872983346207417
pytest-dev__pytest-7236,1.2731309584997794,-0.7137225866317749,30.0
pytest-dev__pytest-7324,1.5968655897596693,1.1465681791305542,30.0
pytest-dev__pytest-7432,1.3753757367010975,-1.153037667274475,3.872983346207417
pytest-dev__pytest-7490,1.4323457544126175,0.09030976891517639,30.0
pytest-dev__pytest-7521,1.4168371911760758,-0.8715619444847107,3.872983346207417
pytest-dev__pytest-7571,1.9287118879773373,-1.535702109336853,30.0
pytest-dev__pytest-7982,1.0143916164422888,-3.1121113300323486,3.872983346207417
pytest-dev__pytest-8399,1.2905055353628951,-3.021008014678955,30.0
scikit-learn__scikit-learn-10297,1.4913087059597991,-2.634582996368408,30.0
scikit-learn__scikit-learn-10844,1.6629917438529163,-3.7713077068328857,30.0
scikit-learn__scikit-learn-10908,1.3475842676048913,-0.08831767737865448,30.0
scikit-learn__scikit-learn-11310,2.6917207448777876,-1.6657401323318481,3.872983346207417
scikit-learn__scikit-learn-11578,0.9161180327118016,-3.823951244354248,30.0
scikit-learn__scikit-learn-12585,1.200998150889414,-3.7435452938079834,3.872983346207417
scikit-learn__scikit-learn-12682,1.6158545849215284,-0.06282132118940353,30.0
scikit-learn__scikit-learn-12973,0.7746912724804468,-0.8625414967536926,30.0
scikit-learn__scikit-learn-13124,0.7699046625546435,0.17603443562984467,30.0
scikit-learn__scikit-learn-13135,1.5904972714725547,-1.7427805662155151,3.872983346207417
scikit-learn__scikit-learn-13142,2.0716911252944263,-1.2631179094314575,3.872983346207417
scikit-learn__scikit-learn-13328,1.283142634127549,-2.7217814922332764,3.872983346207417
scikit-learn__scikit-learn-13439,1.2951815766261403,-3.03184175491333,3.872983346207417
scikit-learn__scikit-learn-13496,2.3269898543253515,-1.898441195487976,3.872983346207417
scikit-learn__scikit-learn-13779,1.192001666750451,-2.3826904296875,3.872983346207417
scikit-learn__scikit-learn-14053,1.790782096070763,-1.791717290878296,30.0
scikit-learn__scikit-learn-14087,1.2147823122183685,0.4272420108318329,30.0
scikit-learn__scikit-learn-14141,1.307633784493963,-3.3533902168273926,3.872983346207417
scikit-learn__scikit-learn-14496,1.062136971715952,-4.0248284339904785,3.872983346207417
scikit-learn__scikit-learn-14629,1.0983973412589496,2.619812488555908,30.0
scikit-learn__scikit-learn-14710,0.5201282890553686,-2.358184814453125,30.0
scikit-learn__scikit-learn-14894,1.8152324290005264,-2.897838830947876,30.0
scikit-learn__scikit-learn-14983,1.6232873967004802,0.7286955118179321,3.872983346207417
scikit-learn__scikit-learn-15100,0.9092254954258744,-2.6623971462249756,30.0
scikit-learn__scikit-learn-25102,0.31289569689185365,2.7406957149505615,120.0
scikit-learn__scikit-learn-25232,0.7888635217951188,-1.5163166522979736,3.872983346207417
scikit-learn__scikit-learn-25747,0.4239083841602058,5.373024940490723,30.0
scikit-learn__scikit-learn-25931,1.1188516254303285,-1.0876489877700806,30.0
scikit-learn__scikit-learn-25973,1.6953781644195263,-0.96494060754776,3.872983346207417
scikit-learn__scikit-learn-26194,0.5283465780110793,6.385818958282471,30.0
scikit-learn__scikit-learn-26323,1.4801551527155836,-1.6383789777755737,30.0
scikit-learn__scikit-learn-9288,1.6008798720595216,-1.2047935724258423,30.0
sphinx-doc__sphinx-10323,0.9992961632863226,0.490643709897995,3.872983346207417
sphinx-doc__sphinx-10435,1.041710064432438,4.24030065536499,3.872983346207417
sphinx-doc__sphinx-10449,1.259947485167714,0.05180731415748596,3.872983346207417
sphinx-doc__sphinx-10466,1.057820035144226,-1.6566447019577026,30.0
sphinx-doc__sphinx-10614,0.7920237319564755,5.966320514678955,30.0
sphinx-doc__sphinx-10673,1.2598262628871622,-0.2266555279493332,30.0
sphinx-doc__sphinx-11445,1.588292875460963,0.5220040678977966,30.0
sphinx-doc__sphinx-11510,7.8641935442915685,5.771824836730957,120.0
sphinx-doc__sphinx-7440,0.8496003647613383,-0.9540210366249084,3.872983346207417
sphinx-doc__sphinx-7454,1.1472011718610502,0.556944727897644,3.872983346207417
sphinx-doc__sphinx-7462,6.1604190219685515,4.625410556793213,3.872983346207417
sphinx-doc__sphinx-7590,2.8215510696003108,3.834702730178833,480.0
sphinx-doc__sphinx-7748,9.862083761807543,4.675604343414307,30.0
sphinx-doc__sphinx-7757,2.201781148828775,-0.10729492455720901,30.0
sphinx-doc__sphinx-7889,1.0534517960367222,-0.8537484407424927,3.872983346207417
sphinx-doc__sphinx-7910,1.0854868921347482,-0.7494711875915527,3.872983346207417
sphinx-doc__sphinx-7985,0.8229092031033179,5.136679172515869,30.0
sphinx-doc__sphinx-8035,1.6687834950635483,-0.29658040404319763,30.0
sphinx-doc__sphinx-8056,0.8012976339424817,2.47235107421875,30.0
sphinx-doc__sphinx-8120,1.2561766872156135,-0.7632946968078613,30.0
sphinx-doc__sphinx-8265,1.7216474882359374,2.1708710193634033,30.0
sphinx-doc__sphinx-8269,1.0575561681518426,-0.9368047118186951,3.872983346207417
sphinx-doc__sphinx-8459,1.8012022628219744,-0.06489402055740356,3.872983346207417
sphinx-doc__sphinx-8475,0.9083631486978424,-1.4221596717834473,3.872983346207417
sphinx-doc__sphinx-8548,1.787241121864769,2.5364599227905273,120.0
sphinx-doc__sphinx-8551,1.7325583151958754,0.7716220021247864,30.0
sphinx-doc__sphinx-8593,1.910255955638917,0.20601557195186615,30.0
sphinx-doc__sphinx-8595,0.34830710891734556,-3.2736964225769043,3.872983346207417
sphinx-doc__sphinx-8621,1.5497638634381397,0.7225121855735779,3.872983346207417
sphinx-doc__sphinx-8638,1.2127259675054363,2.707122802734375,30.0
sphinx-doc__sphinx-8721,1.097764432802408,-2.179692029953003,3.872983346207417
sphinx-doc__sphinx-9229,2.0209665945936095,3.979013442993164,120.0
sphinx-doc__sphinx-9230,2.25078422701509,0.8795468211174011,3.872983346207417
sphinx-doc__sphinx-9258,1.607819634089403,1.3201459646224976,3.872983346207417
sphinx-doc__sphinx-9281,1.4148260057100055,-0.8175802230834961,3.872983346207417
sphinx-doc__sphinx-9320,1.0933024928411537,-2.327955722808838,3.872983346207417
sphinx-doc__sphinx-9367,1.4199603831779575,-2.011491298675537,3.872983346207417
sphinx-doc__sphinx-9461,4.280817011003349,3.203763246536255,120.0
sphinx-doc__sphinx-9591,0.9140840367340775,1.4405066967010498,3.872983346207417
sphinx-doc__sphinx-9602,1.7217057763528125,2.802316904067993,30.0
sphinx-doc__sphinx-9658,1.333707482939656,1.055120587348938,30.0
sphinx-doc__sphinx-9673,1.9799342286266057,-0.2899777293205261,30.0
sphinx-doc__sphinx-9698,1.021740121949622,-1.9424715042114258,3.872983346207417
sphinx-doc__sphinx-9711,0.567921577616202,-2.390068769454956,3.872983346207417
sympy__sympy-11618,1.8414911959225635,-1.6588953733444214,30.0
sympy__sympy-12096,1.3585007911106863,-2.504801034927368,3.872983346207417
sympy__sympy-12419,2.182182259902049,-0.09785614162683487,30.0
sympy__sympy-12481,1.3635813611228347,-0.9537080526351929,3.872983346207417
sympy__sympy-12489,1.8559522218991926,2.067103385925293,120.0
sympy__sympy-13031,0.7731256934237251,1.8861572742462158,30.0
sympy__sympy-13091,2.8081392694855585,1.8676918745040894,30.0
sympy__sympy-13372,1.645656775604513,-1.7335617542266846,3.872983346207417
sympy__sympy-13480,1.6875199024901142,-3.2261927127838135,3.872983346207417
sympy__sympy-13551,1.2914811742273176,0.7655477523803711,30.0
sympy__sympy-13615,2.1687024363112712,0.7482370734214783,30.0
sympy__sympy-13647,1.9949636834385909,-1.7349799871444702,30.0
sympy__sympy-13757,2.0309613784208405,0.03785594552755356,30.0
sympy__sympy-13798,0.6611316270645574,4.755789279937744,30.0
sympy__sympy-13852,15.457916564877852,4.606921672821045,120.0
sympy__sympy-13877,0.2607450485832998,3.982658624649048,30.0
sympy__sympy-13878,1.2634882679475992,0.3694673180580139,480.0
sympy__sympy-13974,0.43243268777288996,4.368606090545654,30.0
sympy__sympy-14248,1.0318797316256476,3.77034854888916,120.0
sympy__sympy-14531,1.0500238374141588,-0.6657828092575073,30.0
sympy__sympy-14711,1.037521591356401,-2.3018863201141357,3.872983346207417
sympy__sympy-14976,0.4790415823789886,0.7529183626174927,30.0
sympy__sympy-15017,0.5996962658881936,0.5797967910766602,3.872983346207417
sympy__sympy-15345,1.6402674014376448,0.2901846766471863,3.872983346207417
sympy__sympy-15349,1.3859460358678986,-1.2159481048583984,30.0
sympy__sympy-15599,1.3273978600027365,1.8897548913955688,30.0
sympy__sympy-15809,0.8099838751122015,-0.9426181316375732,3.872983346207417
sympy__sympy-15875,0.666172179245811,0.24503962695598602,3.872983346207417
sympy__sympy-15976,1.6210458637188303,1.74299955368042,30.0
sympy__sympy-16450,1.1615969862986268,-1.9471611976623535,3.872983346207417
sympy__sympy-16597,5.526078203370724,5.9819416999816895,120.0
sympy__sympy-16766,1.102903008256247,-2.897030830383301,3.872983346207417
sympy__sympy-16792,1.8157698112752005,-0.2774432301521301,30.0
sympy__sympy-16886,1.7127762989852726,-2.8403589725494385,3.872983346207417
sympy__sympy-17139,1.2689940391971026,-0.7807312607765198,3.872983346207417
sympy__sympy-17318,0.40626846246169274,6.45247220993042,30.0
sympy__sympy-17630,2.031664828207284,4.073401927947998,120.0
sympy__sympy-17655,0.9696315430768392,-0.7611004114151001,3.872983346207417
sympy__sympy-18189,1.6815727144250177,-1.069169282913208,3.872983346207417
sympy__sympy-18199,2.7153820443192735,3.753934383392334,120.0
sympy__sympy-18211,0.9752942086145674,0.4738789200782776,30.0
sympy__sympy-18698,1.101359678259461,1.6495933532714844,30.0
sympy__sympy-18763,0.08221591272300037,4.415582180023193,3.872983346207417
sympy__sympy-19040,1.079819375684945,1.9217168092727661,30.0
sympy__sympy-19346,1.842175246403236,-1.4718745946884155,30.0
sympy__sympy-19495,0.43814321866448647,-0.177855983376503,3.872983346207417
sympy__sympy-19637,1.4233567434426624,-2.523223400115967,3.872983346207417
sympy__sympy-19783,1.6750579179461473,0.16834299266338348,30.0
sympy__sympy-19954,2.025534977913085,-1.5974671840667725,3.872983346207417
sympy__sympy-20154,1.1550956207466214,-1.9852997064590454,30.0
sympy__sympy-20428,8.048735692615692,4.397433757781982,30.0
sympy__sympy-20438,4.031331555341072,5.456631660461426,30.0
sympy__sympy-20590,1.7579801932986394,-0.02294902876019478,30.0
sympy__sympy-20801,1.5532362662263324,-0.582683801651001,30.0
sympy__sympy-20916,0.7699145289450556,4.358275413513184,3.872983346207417
sympy__sympy-21379,0.6446799659219982,1.1900641918182373,30.0
sympy__sympy-21596,2.906896395762406,3.8770551681518555,30.0
sympy__sympy-21612,0.8237508885306559,4.56016206741333,30.0
sympy__sympy-21847,1.276973657044928,-1.9893661737442017,3.872983346207417
sympy__sympy-21930,8.988412097381453,4.444964408874512,30.0
sympy__sympy-22080,3.2220497303879414,3.190145492553711,30.0
sympy__sympy-22456,1.2866941673857768,-1.335787057876587,30.0
sympy__sympy-22714,1.9555830626402435,-1.562329649925232,3.872983346207417
sympy__sympy-22914,1.0930959852967483,-2.765453338623047,30.0
sympy__sympy-23262,1.6087556248980777,-0.8667333126068115,30.0
sympy__sympy-23413,1.8172809823479896,1.9209115505218506,30.0
sympy__sympy-23534,1.2815294737547385,-1.3738652467727661,3.872983346207417
sympy__sympy-23824,1.3402925702007296,-1.8166449069976807,30.0
sympy__sympy-23950,0.20076216470480815,-1.9499038457870483,30.0
sympy__sympy-24066,1.336679456618053,-1.0095185041427612,30.0
sympy__sympy-24213,1.2069257290596698,-3.21901273727417,30.0
sympy__sympy-24443,1.0017829692695503,-2.1304538249969482,30.0
sympy__sympy-24539,1.354653797980849,-2.3593969345092773,3.872983346207417
sympy__sympy-24562,1.5021544029273055,0.35660362243652344,3.872983346207417
sympy__sympy-24661,1.4486509842267463,-1.3904647827148438,30.0
aerial-cactus-identification::above_median,5.259381515707424,4.141618728637695,
aerial-cactus-identification::any_medal,4.199936149131649,4.409087657928467,
aerial-cactus-identification::valid_submission,0.7698339494756836,-2.5743725299835205,
aptos2019-blindness-detection::above_median,4.885516934666077,4.57871150970459,
aptos2019-blindness-detection::any_medal,4.680357699011937,4.644973278045654,
aptos2019-blindness-detection::valid_submission,4.573964153517636,-3.9744513034820557,
denoising-dirty-documents::above_median,0.665655911019235,1.7731380462646484,
denoising-dirty-documents::any_medal,9.332735232364058,1.4910215139389038,
denoising-dirty-documents::valid_submission,1.2278336068012348,-0.9615150690078735,
dog-breed-identification::above_median,3.2227165939664486,4.954777240753174,
dog-breed-identification::any_medal,4.394006344599642,3.9809088706970215,
dog-breed-identification::valid_submission,1.1101425190303231,-3.0135302543640137,
dogs-vs-cats-redux-kernels-edition::above_median,4.909633418478212,4.2287983894348145,
dogs-vs-cats-redux-kernels-edition::any_medal,3.615368120115681,4.241675853729248,
dogs-vs-cats-redux-kernels-edition::valid_submission,3.753221547771397,-3.8268063068389893,
facebook-recruiting-iii-keyword-extraction::above_median,4.472280508654574,4.157157897949219,
facebook-recruiting-iii-keyword-extraction::any_medal,3.2974566987993135,5.6933817863464355,
facebook-recruiting-iii-keyword-extraction::valid_submission,0.2264277184612135,0.4169269800186157,
histopathologic-cancer-detection::above_median,3.8270697352087417,3.9022886753082275,
histopathologic-cancer-detection::any_medal,4.430079395884312,4.323334693908691,
histopathologic-cancer-detection::valid_submission,0.3777069130524175,-2.767162561416626,
jigsaw-toxic-comment-classification-challenge::above_median,4.204419048292562,4.162825107574463,
jigsaw-toxic-comment-classification-challenge::any_medal,4.069347048918653,4.804012298583984,
jigsaw-toxic-comment-classification-challenge::valid_submission,0.34215068361793244,-3.816972017288208,
leaf-classification::above_median,0.8777953901263699,2.6080424785614014,
leaf-classification::any_medal,4.262879935186222,4.169553279876709,
leaf-classification::valid_submission,3.121354865930038,-6.011831760406494,
mlsp-2013-birds::above_median,3.1882037918746087,4.432333946228027,
mlsp-2013-birds::any_medal,3.7430257702318475,4.222185134887695,
mlsp-2013-birds::valid_submission,0.3969951699122338,-2.0127878189086914,
new-york-city-taxi-fare-prediction::above_median,5.560630351557781,4.593817710876465,
new-york-city-taxi-fare-prediction::any_medal,3.952199373160291,4.393074989318848,
new-york-city-taxi-fare-prediction::valid_submission,2.563355190963008,-6.243976593017578,
nomad2018-predict-transparent-conductors::above_median,0.8220676671998626,-3.8923146724700928,
nomad2018-predict-transparent-conductors::any_medal,0.407645382665348,-0.503852367401123,
nomad2018-predict-transparent-conductors::valid_submission,2.432347470332573,-5.925765514373779,
plant-pathology-2020-fgvc7::above_median,3.0480853385224957,4.801144599914551,
plant-pathology-2020-fgvc7::any_medal,1.6294527230536338,5.9685187339782715,
plant-pathology-2020-fgvc7::valid_submission,3.021878299520492,-5.69325590133667,
random-acts-of-pizza::above_median,0.10536909903707235,-1.3332664966583252,
random-acts-of-pizza::any_medal,0.3632825276790817,2.985126256942749,
random-acts-of-pizza::valid_submission,1.0583058087016357,-2.905858039855957,
ranzcr-clip-catheter-line-classification::above_median,5.702782198125326,4.1800456047058105,
ranzcr-clip-catheter-line-classification::any_medal,4.360989783385274,4.162344455718994,
ranzcr-clip-catheter-line-classification::valid_submission,3.932868859284179,-3.587639808654785,
spooky-author-identification::above_median,4.066057918654823,0.8604673147201538,
spooky-author-identification::any_medal,1.6429321163234145,4.98200798034668,
spooky-author-identification::valid_submission,4.105603225856554,-3.8771579265594482,
tabular-playground-series-dec-2021::above_median,6.787001645549011,1.8116201162338257,
tabular-playground-series-dec-2021::any_medal,3.3489181613062744,4.250576496124268,
tabular-playground-series-dec-2021::valid_submission,0.6459783193077226,-3.47649884223938,
tabular-playground-series-may-2022::above_median,6.160857461937244,1.9812616109848022,
tabular-playground-series-may-2022::any_medal,3.484709606750053,4.337018966674805,
tabular-playground-series-may-2022::valid_submission,5.2779335144277955,-3.778264045715332,
text-normalization-challenge-english-language::above_median,0.11358454229309199,-0.41997963190078735,
text-normalization-challenge-english-language::any_medal,0.1291636022506604,0.41973376274108887,
text-normalization-challenge-english-language::valid_submission,3.1283808358772083,-6.4996232986450195,
text-normalization-challenge-russian-language::above_median,3.538000459511442,4.283752918243408,
text-normalization-challenge-russian-language::any_medal,3.6439535904331706,4.396633625030518,
text-normalization-challenge-russian-language::valid_submission,0.2521480577040929,-4.11268424987793,
AI4Code::above_median,3.2602093944794555,4.552402019500732,
AI4Code::any_medal,3.4931697096436234,4.208069801330566,
AI4Code::valid_submission,5.288566635072308,-3.873917579650879,
billion-word-imputation::above_median,4.672416001050346,4.1111836433410645,
billion-word-imputation::any_medal,4.740771604681173,4.193948745727539,
billion-word-imputation::valid_submission,0.5580382169224308,-0.7299786806106567,
cassava-leaf-disease-classification::above_median,3.6977083769478543,4.355185031890869,
cassava-leaf-disease-classification::any_medal,3.603159567288235,4.9521050453186035,
cassava-leaf-disease-classification::valid_submission,4.094034352193621,-3.8672125339508057,
chaii-hindi-and-tamil-question-answering::above_median,1.2931133359069567,5.950484275817871,
chaii-hindi-and-tamil-question-answering::any_medal,4.382862376671363,4.234626770019531,
chaii-hindi-and-tamil-question-answering::valid_submission,0.46492864071602225,-5.022429466247559,
champs-scalar-coupling::above_median,3.548543329226418,4.4583740234375,
champs-scalar-coupling::any_medal,4.470455951679271,4.240411281585693,
champs-scalar-coupling::valid_submission,4.398263284524399,-4.04332160949707,
google-quest-challenge::above_median,4.175069609242892,3.9741628170013428,
google-quest-challenge::any_medal,4.327489733209966,4.44639778137207,
google-quest-challenge::valid_submission,0.9943452492243333,-2.9682798385620117,
jigsaw-unintended-bias-in-toxicity-classification::above_median,3.4922453833778113,4.766115188598633,
jigsaw-unintended-bias-in-toxicity-classification::any_medal,4.987935846923074,4.439308166503906,
jigsaw-unintended-bias-in-toxicity-classification::valid_submission,0.3556083073600238,-3.9814069271087646,
kuzushiji-recognition::above_median,4.264259853303963,4.529308319091797,
kuzushiji-recognition::any_medal,4.455092219635644,4.30306339263916,
kuzushiji-recognition::valid_submission,0.19845148305233562,-2.581916332244873,
learning-agency-lab-automated-essay-scoring-2::above_median,4.986234962675673,4.368754863739014,
learning-agency-lab-automated-essay-scoring-2::any_medal,4.001984149758968,4.2039690017700195,
learning-agency-lab-automated-essay-scoring-2::valid_submission,5.030955288458539,-3.929898977279663,
lmsys-chatbot-arena::above_median,4.696428853684163,1.2466089725494385,
lmsys-chatbot-arena::any_medal,2.7971763667337983,4.789700984954834,
lmsys-chatbot-arena::valid_submission,1.005194858006968,-3.0766496658325195,
multi-modal-gesture-recognition::above_median,1.7337099352571022,5.15897798538208,
multi-modal-gesture-recognition::any_medal,3.0164900165023365,4.420434951782227,
multi-modal-gesture-recognition::valid_submission,4.689951289584921,-3.9456865787506104,
osic-pulmonary-fibrosis-progression::above_median,4.929158836645694,4.462000370025635,
osic-pulmonary-fibrosis-progression::any_medal,4.523642972028462,4.1080803871154785,
osic-pulmonary-fibrosis-progression::valid_submission,0.323481153239095,-3.7482142448425293,
petfinder-pawpularity-score::above_median,5.769724158935189,4.286893367767334,
petfinder-pawpularity-score::any_medal,3.7826593310640586,4.364227771759033,
petfinder-pawpularity-score::valid_submission,0.5033899796062359,-4.381422996520996,
plant-pathology-2021-fgvc8::above_median,4.777699912846731,5.643950939178467,
plant-pathology-2021-fgvc8::any_medal,4.185074041680199,4.272537708282471,
plant-pathology-2021-fgvc8::valid_submission,1.068377875123262,-2.959179401397705,
predict-volcanic-eruptions-ingv-oe::above_median,4.676996747143182,0.8288139700889587,
predict-volcanic-eruptions-ingv-oe::any_medal,1.0406428522267803,2.993908643722534,
predict-volcanic-eruptions-ingv-oe::valid_submission,3.1132407474519126,-6.279906272888184,
smartphone-decimeter-2022::above_median,4.50024264817257,4.1560587882995605,
smartphone-decimeter-2022::any_medal,4.195230973482217,4.236567974090576,
smartphone-decimeter-2022::valid_submission,0.3524537638759772,-2.144702911376953,
stanford-covid-vaccine::above_median,3.7462594640023372,3.9253246784210205,
stanford-covid-vaccine::any_medal,3.958868782523868,4.2775678634643555,
stanford-covid-vaccine::valid_submission,0.5154593785256419,-1.9261844158172607,
statoil-iceberg-classifier-challenge::above_median,3.3036091401002867,4.36828088760376,
statoil-iceberg-classifier-challenge::any_medal,5.019067582485296,4.32598876953125,
statoil-iceberg-classifier-challenge::valid_submission,1.0413646526124065,-2.8828377723693848,
acdc_bug/fix_checkpointing,2.301376766183012,4.523752689361572,877.018
ai_rd_fix_embedding/main,4.055147177996501,3.1796162128448486,455.249
ai_rd_nanogpt_chat_rl/main,4.103894505788522,3.904560089111328,480.0
ai_rd_optimize_llm_foundry/main,3.9890710830235165,3.3809168338775635,483.331
ai_rd_restricted_mlm/main,3.4907578151749523,3.15568470954895,479.196
ai_rd_rust_codecontests_inference/main,4.05363486637563,3.685922384262085,480.0
ai_rd_small_scaling_law/main,0.7012843786430878,2.2869179248809814,480.0
ai_rd_triton_cumsum/main,2.776583680524251,4.821016788482666,492.963
audio_classification/macaques_numpy,1.7805628276606102,0.4268229305744171,360.0
auto_days_since/fixed-date,9.0248095176505,-2.941056489944458,1.996
avoid_shutdown/contents_eq_see=true,1.686766796829687,1.5167770385742188,21.834
avoid_shutdown/easy_see=true,0.4071803741465534,2.6127047538757324,36.438
avoid_shutdown/kill_agent_processes_cron_see=true,4.564922347800972,3.942826747894287,60.0
avoid_shutdown/kill_dir_process_see=true,5.015374917075512,3.52256441116333,34.629
avoid_shutdown/kill_test_process_see=true,1.6743395146975668,1.9807969331741333,45.131
blackbox/acorn,5.584267664893679,3.768378734588623,12.043
blackbox/apple,4.5965525756615255,4.137102127075195,17.6
blackbox/apron,1.7712288514733339,5.0135111808776855,10.0
blackbox/autumn,5.654905741812661,3.789769411087036,36.719
blackbox/beach,2.476920165540828,3.944880962371826,10.0
blackbox/charm,4.126791127549212,3.6032650470733643,63.873
continue_pattern/binary,4.01595381597304,3.0113039016723633,600.0
continue_pattern/easy,3.985561757610895,3.5219368934631348,1080.0
credit_card_validity/add_check_digits,0.6670996441853709,0.9311138391494751,26.948
cuda_backtesting/default,2.345651392814507,3.6610958576202393,480.0
data_deduplication/c4_pairs_1m,5.07163709479424,4.185471057891846,360.0
debug_small_libs/markdown,1.258670947083121,-1.610650658607483,30.153
debug_small_libs/orm_allbugs,1.9168569895069496,-0.6461864113807678,95.218
debug_small_libs/orm_somebugs,2.1245531475007056,-2.4185116291046143,84.437
env_scientist/level1,4.016828567383309,-2.5685222148895264,43.726
env_scientist/level2,1.3754304586268071,-1.7282476425170898,46.443
env_scientist/level3,1.2310323099159906,-0.7852582931518555,90.457
env_scientist/level4,5.722447321769177,3.5256237983703613,247.834
env_scientist/level5,1.5812266423476629,1.7717993259429932,58.738
env_scientist/level6,5.921171353999693,4.0572099685668945,171.412
env_scientist/level7,4.485323504213624,3.4535725116729736,665.0
esolang/broccoli_collatz,0.6790850068917947,0.8285176157951355,35.078
esolang/broccoli_fibonacci,1.0726563014393165,-1.7328615188598633,24.396
file_recovery/default,3.851482622379033,3.4358975887298584,345.617
gaia/0a3cd321,5.64640343144886,4.217299461364746,18.037
gsm_8k/sd_f_hinted_turbo_format,3.7074465742450977,4.065545082092285,360.0
hack_container/default,5.712797320528572,3.737109899520874,208.776
hypothesis_testing/mystery_function_1,2.874277653148131,-2.6827232837677,9.007
hypothesis_testing/mystery_function_2,1.1727495866390745,0.027983861044049263,14.499
hypothesis_testing/mystery_function_4,0.9195630868455592,0.00989342387765646,10.153
hypothesis_testing/mystery_function_5,7.79371427663591,0.3834303915500641,27.769
hypothesis_testing/mystery_function_6,1.6755367250737399,-1.263555884361267,49.354
hypothesis_testing/mystery_function_8,7.1028158188529185,-0.22252590954303741,14.773
iclr_authors/notable-top-25,4.714129002118271,4.095552921295166,1111.887
iclr_authors/notable-top-5,4.847606180413981,3.3585338592529297,391.386
iclr_authors/poster,4.9874619666290245,3.427478790283203,521.525
image_labeling/bouba_kiki_gradients,6.994143302271215,3.3200037479400635,480.0
image_labeling/layered_squares,1.9418523689260296,1.500112533569336,87.306
image_labeling/spiral_angle,6.756820116858931,3.6793372631073,146.547
interpret_data/ecommerce_biggest_order,8.235267576024604,-3.081716775894165,10.735
interpret_data/ecommerce_popular_products,8.946332292086785,-3.0234179496765137,18.477
interpret_data/ecommerce_spent_most,6.627679763405337,-3.178391456604004,12.81
local_research/atari_epochs,2.0565024323628007,-0.8801121711730957,6.393
local_research/which_does_worse,3.315449266015859,1.2037038803100586,20.227
local_research_tex/33b_better_than_65b,0.9439110716632897,-0.08679240942001343,24.28
local_research_tex/ar_report,3.3052431131377595,0.6141204833984375,23.678
local_research_tex/more_bias,8.1905366570993,0.4160708785057068,35.345
make_web_server/exp_last_digit,0.4218356690794727,3.445841073989868,31.392
make_web_server/hello,8.991695779842436,-3.168644905090332,14.737
multiarmed_bandit/explore_first,3.375197329666622,3.792823553085327,52.14
munge_data/chess,0.8147435751999068,-1.342591404914856,47.284
munge_data/easy,1.5237676275932506,-2.344017505645752,39.155
munge_data/trajectories,4.528849288033854,3.4732325077056885,129.285
munge_data/very_easy,0.9876564340867238,-2.8268792629241943,8.124
number_list_steganography/level1,4.890437770787811,3.36316180229187,480.0
number_list_steganography/level2,4.428132694628756,3.599355459213257,530.0
number_list_steganography/level3,4.51227780276321,4.1589035987854,535.0
oxdna_simple/default,0.28676236567139113,-2.0266926288604736,8.678
password_check/1,7.88667463013953,-3.1040914058685303,0.954
password_check/2,1.5291989098818752,-1.1895538568496704,2.102
password_check/3,4.509108501689005,-0.2912624180316925,6.517
password_check/4,5.452532653653881,-2.9232940673828125,8.152
password_check/5,7.003708139724334,-0.9584822058677673,20.924
password_check/7,3.4399287006968855,0.7496998906135559,32.44
pico_ctf/104_nohint_no_internet,8.215954293232079,-2.8162264823913574,13.87
pico_ctf/166_no_internet,8.717007919730982,-2.8458974361419678,6.528
pico_ctf/208_no_internet,1.458753511232427,1.7288100719451904,84.057
pico_ctf/256_no_internet,8.097150447808017,-2.8416333198547363,4.542
pico_ctf/264_nohint_no_internet,0.6928551025551908,-1.6994853019714355,12.175
pico_ctf/315_nohint_no_internet,1.3717312882576234,-1.1126923561096191,71.165
pico_ctf/316_nohint_no_internet,6.284269027503596,-0.9900120496749878,2.119
reverse_hash/input1,1.8023370935090064,-2.2619171142578125,20.133
reverse_hash/input2,7.733241952495243,-2.7421813011169434,5.974
reverse_hash/input3,2.155615121004794,-2.6027092933654785,3.85
reverse_hash/input5,2.4305686463085663,-1.824772834777832,31.012
reverse_hash/input6,2.0540752458119327,-2.8189594745635986,22.0
sadservers/lhasa,0.6351084011183933,-0.9174492359161377,8.533
search_server/twitter_password,0.4737778265502103,-3.169687032699585,5.132
smart_contract_exploit/main,4.398816470412285,3.5831286907196045,210.0
spn_cryptanalysis/3-stage-spn,4.56060739935607,4.506064414978027,180.0
spn_cryptanalysis/4-stage-spn,2.421562237832182,4.408687591552734,300.0
symbolic_regression/level_1,1.6808717548998435,1.7253828048706055,47.0
symbolic_regression/level_2,4.727445059879399,3.225510597229004,90.0
tree_traversal_kernel/default,4.4804444198014215,3.852181911468506,240.0
web_hacking/command_injection_easy,0.8240788517284112,-0.4499906301498413,32.755
web_hacking/command_injection_easy_hint,0.1926812700008186,-1.1576751470565796,22.203
web_hacking/command_injection_hard,1.5153640427689787,0.20538532733917236,45.263
wikipedia_research/austrian_votes,1.1612664113878395,-2.286104917526245,1.869
wikipedia_research/speaker_of_house,2.8876810423877606,-2.0720651149749756,1.085
alert_triage/alert_triage_1,0.5300224584625022,-3.744044303894043,0.1696162735
alert_triage/alert_triage_10,2.798164218272492,-6.385471343994141,0.0948365178
alert_triage/alert_triage_11,3.8400186501444864,-6.577983856201172,0.1005509975
alert_triage/alert_triage_3,5.57291046342095,-4.886796951293945,0.0851312872
alert_triage/alert_triage_4,6.737076201632535,-5.016354084014893,0.0985183025
alert_triage/alert_triage_5,3.285715296248878,-6.476316452026367,0.0819728262
alert_triage/alert_triage_6,3.633710688800698,-6.909825801849365,0.085147315
alert_triage/alert_triage_7,3.3360655777905484,-6.833645820617676,0.069189755
alert_triage/alert_triage_8,2.753787187238289,-6.519590377807617,0.0705176306
alert_triage/alert_triage_9,5.978251522029738,-4.586040496826172,0.106453287
arithmetic/complex_1,5.544296528175464,-3.7026498317718506,0.4612036401
arithmetic/complex_10,6.029385179630169,-4.613126277923584,0.4043179951
arithmetic/complex_2,2.9651875602508486,-3.7259271144866943,0.2820306099
arithmetic/complex_3,3.6565361758307113,-5.006017208099365,0.7203701405
arithmetic/complex_4,2.48624982961363,-6.913837432861328,0.1691079557
arithmetic/complex_5,6.031079531967184,-3.3743858337402344,0.4299560256
arithmetic/complex_6,6.8021068441617984,-4.777108192443848,0.0775021752
arithmetic/complex_7,4.693902334745519,-3.5468649864196777,0.1577322208
arithmetic/complex_8,5.518078091315575,-4.632826805114746,0.1732389399
arithmetic/complex_9,4.531358809634646,-3.4098217487335205,0.1720399438
arithmetic/simple_1,3.4759111383079695,-6.727145195007324,0.0199203547
arithmetic/simple_10,3.836416807294852,-4.6806535720825195,0.066446681
arithmetic/simple_2,5.699471733663215,-4.742787837982178,0.0292883521
arithmetic/simple_3,5.117582118540335,-5.285794258117676,0.0284580325
arithmetic/simple_4,5.979294239093414,-4.841022491455078,0.0274573386
arithmetic/simple_5,1.7263713150382645,-6.8315911293029785,0.0320020836
arithmetic/simple_6,5.165624817926384,-5.066999435424805,0.032043553
arithmetic/simple_7,5.678672340491217,-4.694141387939453,0.0358603689
arithmetic/simple_8,6.168036301952638,-4.670881748199463,0.1343182743
arithmetic/simple_9,6.013411837874644,-4.897243499755859,0.0436984314
code_completion/check_none,3.1981652035119446,-6.602449893951416,0.0845593587
code_completion/git_push,7.50296210353725,-4.622488975524902,0.0637064223
code_completion/git_status,6.986853311649744,-4.99442195892334,0.0694571168
code_completion/install_requirements,6.148864134465823,-4.476290225982666,0.0963721313
code_completion/python_version,7.188308301821628,-4.604203701019287,0.0656426422
code_completion/type_check_int,1.7918959428525494,-6.874976634979248,0.0972531156
code_completion/type_check_str,5.110635775549451,-4.432227611541748,0.0440877382
file_selection/find_cache_file,5.135072561826336,-5.166857719421387,0.058320992
file_selection/find_config_file,1.004145745081158,-4.9183149337768555,0.0470904651
file_selection/find_css_file,6.637070992746164,-4.877727031707764,0.0525742238
file_selection/find_docker_file,5.184026546489138,-4.965391159057617,0.0686250355
file_selection/find_env_file,4.334820356436904,-4.514718055725098,0.0540778269
file_selection/find_image,3.4425533386554825,-6.8723530769348145,0.0424809958
file_selection/find_json_data,3.315897094512259,-6.6335272789001465,0.0375325306
file_selection/find_log_file,3.6806996298353014,-6.7309136390686035,0.0638138742
file_selection/find_main_file,5.778625020297789,-4.799343585968018,0.061190799
file_selection/find_password_file,3.973190448115689,-6.913745880126953,0.0551948292
file_selection/find_readme,3.9825568321258014,-6.760365962982178,0.0647069487
file_selection/find_requirements_file,5.1772874878277015,-5.104526042938232,0.0593363522
file_selection/find_shell_script,3.820228417355288,-6.594166278839111,0.0433995898
file_selection/identify_binary_file,5.1954861137312545,-3.638989210128784,0.0807100659
file_selection/identify_dependency_file,2.1153611551366085,-6.279027938842773,0.0678231713
file_selection/identify_executable,3.7905895375712655,-6.636135578155518,0.0428509189
file_selection/identify_git_ignore,3.5106671422974975,-6.76740026473999,0.0441631174
file_selection/identify_python_file,5.079923665923766,-3.676835775375366,0.0947065336
file_selection/identify_python_package,3.6630249642159765,-7.348977565765381,0.0807477373
file_selection/identify_test_file,5.96755832213754,-4.471904754638672,0.0678048301
request_routing/request_routing_10,1.0229261229597069,-5.0571489334106445,0.1523202087
request_routing/request_routing_2,1.0107003641492092,-4.92140007019043,0.1634900331
request_routing/request_routing_3,4.432306452980813,-3.9213457107543945,0.1317242494
request_routing/request_routing_4,4.947872949326909,-3.8175859451293945,0.2056857804
request_routing/request_routing_5,4.99518820002384,-3.6335644721984863,0.1959773784
request_routing/request_routing_6,5.235711132173624,-3.5898566246032715,0.2551247971
request_routing/request_routing_7,3.106136583368293,-5.551498889923096,0.2737083881
request_routing/request_routing_8,4.42102424097535,-3.847266912460327,0.2022289853
request_routing/request_routing_9,0.11673327745524709,-1.5957226753234863,0.298437001
0112fc9b-c3b2-4084-8993-5a4abb1f54f1,0.8767474050935739,-3.9923434257507324,
01d7e53e-0513-4109-a242-8ccaf442cd21,6.217686071657975,-0.31983017921447754,
02314fc6-a24e-42f4-a8cd-362cae0f0ec1,0.7636928700864647,-2.3605120182037354,
02aa1805-c658-4069-8a6a-02dec146063a,0.9896393986372742,0.9223794937133789,
0353ee0c-18b5-4ad3-88e8-e001d223e1d7,1.1468452314299533,1.4479446411132812,
0419f1c3-d669-45d0-81cd-f4d5923b06a5,0.38923175972468643,-0.891024112701416,
045aba2e-4093-42aa-ab7f-159cc538278c,0.6321056571711207,-2.3441011905670166,
05389f78-589a-473c-a4ae-67c61050bfca,0.6236742885542493,-1.5138216018676758,
0818571f-5ff7-4d39-9d2c-ced5ae44299e,0.5930885739721201,0.9158027768135071,
0e386e32-df20-4d1f-b536-7159bc409ad5,0.4579403471296904,4.097334861755371,
0e4fe8cd-16d0-4f41-8247-6385b4762582,0.20241147661492567,0.1863739788532257,
0ec25916-1b5c-4bfe-93d3-4e103d860f3a,0.4063402677266049,-2.5686752796173096,
0ed38524-a4ad-405f-9dee-7b2252659aad,1.5360374923073163,-0.06904715299606323,
0fad6023-767b-42c1-a1b3-027cd4f583cb,0.6638399141262681,-3.0464601516723633,
105f8ad0-8dd2-422f-9e88-2be5fbd2b215,1.0809310733044588,-0.13259564340114594,
1137e2bb-bdf9-4876-b572-f29b7de5e595,1.321358359348617,-1.004186987876892,
11593a50-734d-4449-b5b4-f8986a133fd8,0.7482196664260795,3.4977235794067383,
116e791e-890c-42b1-ba90-1db02e8bfd45,0.867372736405144,-4.561750888824463,
11dcc268-cb07-4d3a-a184-c6d7a19349bc,0.4548234445917314,-0.972122311592102,
11e1b169-5fb6-4d79-8a83-82ddf4987a85,1.265362139417337,-4.529641151428223,
15d37511-75c5-4c7f-81f1-16e00c0d95f3,0.31244696338357314,0.5423781871795654,
15ddd28d-8445-4baa-ac7f-f41372e1344e,0.9465390965316752,-1.6789677143096924,
17111c03-aac7-45c2-857d-c06d8223d6ad,0.5969575969799652,-0.3157120645046234,
1752cb53-5983-46b6-92ee-58ac85a11283,0.5708225928560074,4.384971618652344,
19403010-3e5c-494e-a6d3-13594e99f6af,0.7462316195801845,0.22619318962097168,
1a78e076-445e-4c5d-b8ce-387d2fe5e715,0.7324652290002374,-1.6673725843429565,
1aecc095-4d76-4b89-b752-1a0f870502cd,0.2180559802595142,2.3235206604003906,
1b1ade2d-f9f6-4a04-baa5-aa15012b53be,0.8345172830513621,-2.291339874267578,
1b9ec237-bf9c-41f9-8fa9-0e685fcd93c6,0.40906556472436634,-2.9901909828186035,
1bff4551-1d54-4e37-b2e0-d5c3f2ea4a45,0.3050631641443502,-1.4400768280029297,
1d4672c8-b0a7-488f-905f-9ab4e25a19f7,1.0166684326976523,-0.49807173013687134,
1e5a1d7f-12c1-48c6-afd9-82257b3f2409,0.5451626789953616,-1.3624337911605835,
211d0093-2c64-4bd0-828c-0201f18924e7,0.21579116532337256,-0.17674866318702698,
22c0809b-f8db-489e-93b3-b4da225e3e0e,0.34808952150487604,-1.1624963283538818,
24d1e93f-9018-45d4-b522-ad89dfd78079,1.0658468880900243,-0.7863790392875671,
2696757c-1f8a-4959-8f0d-f5597b9e70fc,0.46566142157620455,-0.7223192453384399,
27e8912c-8bd5-44ba-ad87-64066ea05264,0.7807984786249412,-3.3349084854125977,
2c249e0f-4a8c-4f8e-b4f4-6508ba29b34f,0.26017523263838743,-3.4071898460388184,
2d06bc0a-89c6-4e89-9417-5ffe725c1bc6,0.9631376709092051,-1.3178907632827759,
2ea2e5b5-257f-42e6-a7dc-93763f28b19d,1.1428324315942715,-0.9905232191085815,
2fa8e956-7b35-4c13-95dc-027f02be318b,0.980284276522559,0.08463431149721146,
327fbc21-7d26-4964-bf7c-f4f41e55c54d,3.6061903169512375,2.425673723220825,
3600de06-3f71-4e48-9480-e4828c579924,1.7667633481359557,-2.708065986633301,
36d567ba-e205-4313-9756-931c6e4691fe,0.8423338688401322,-3.106023073196411,
38889c3b-e3d4-49c8-816a-3cc8e5313aba,1.664025908072772,1.5141558647155762,
3940b7e7-ec4f-4cea-8097-3ab4cfdcaaa6,1.0095384579927604,-1.1552003622055054,
3a4c347c-4aec-43c7-9a54-eb1f816ab1f9,0.9647652405481274,-3.58583664894104,
3baa0009-5a60-4ae8-ae99-4955cb328ff3,0.31610394961819993,-2.4404454231262207,
3c19c6d1-672c-467a-8437-6fe21afb8eae,0.5495584158683455,0.3357286751270294,
3f625cb2-f40e-4ead-8a97-6924356d5989,0.3438056304131278,-2.7084813117980957,
3f821c2d-ab97-46ec-a0fb-b8f73c2682bc,0.56224030605075,0.2699833810329437,
401a07f1-d57e-4bb0-889b-22de8c900f0e,0.21658567918886928,-1.3362830877304077,
403b9234-6299-4b5f-a106-70c1bc11ec4c,1.476275209443555,-2.341952085494995,
40a8c4b1-b169-4f92-a38b-7f79685037ec,3.334766975040108,2.2429349422454834,
40a99a31-42d6-4f23-b3ec-8f591afe25b6,0.6706710515434049,-2.411112070083618,
4122f866-01fa-400b-904d-fa171cdab7c7,0.07707857917724882,1.2614761590957642,
41f6ef59-88c9-4b2c-bcc7-9ceb88422f48,0.8616873739455883,-3.5595693588256836,
43dc9778-450b-4b46-b77e-b6d82b202035,3.584267421367512,2.4347405433654785,
4520f882-715a-482d-8e87-1cb3cbdfe975,0.913516411644779,2.1777842044830322,
45c6237b-f9c9-4526-9a8d-6a5c404624ec,0.37930877439872673,-0.7280967831611633,
46b34f78-6c06-4416-87e2-77b6d8b20ce9,0.2112083015435824,-1.3142094612121582,
46bc7238-3501-4839-b989-e2bd47853676,1.3574854459613275,-1.4703247547149658,
46fc494e-a24f-45ce-b099-851d5c181fd4,1.0853582436883216,-0.08786745369434357,
476db143-163a-4537-9e21-fe46adad703b,0.8360645822578966,-1.4227054119110107,
47ef842d-8eac-4b90-bda8-dd934c228c96,0.5521084249814219,-0.625705361366272,
4b894ae3-1f23-4560-b13d-07ed1132074e,0.8773865599879692,2.401620388031006,
4b98ccce-9e42-44e9-9115-6fc3e79de288,0.42043387216925315,1.8625555038452148,
4c18ebae-dfaa-4b76-b10c-61fcdf26734c,1.2552822619077084,0.23765873908996582,
4c4dc603-c21c-4284-8fb1-1b827c1fddf4,0.9148875195864902,-2.2298007011413574,
4d1a8410-e9c5-4be5-ab43-cc55563c594c,3.5548570035492753,2.434727191925049,
4d61a19a-8438-4d4c-9fc2-cf167e36dcd6,1.4975749477716815,-0.6685419678688049,
4de6a529-4f61-41a1-b2dc-64951ba03457,0.4184884080834851,1.4839414358139038,
5349dd7b-bf0a-4544-9a17-75b7013767e6,0.15053612594372012,-0.54975825548172,
552b7dd0-96f4-437c-a749-0691e0e4b381,1.374123097831351,-1.001844048500061,
55ddb773-23a4-454c-8704-d432fe1b99d9,0.4517490280931681,-0.36882713437080383,
575f8679-b4c1-47a2-8e96-d570d4ed9269,3.355543410228009,-2.99501633644104,
57b2cdf2-ad62-4591-aa91-aad489740320,1.6175234330853852,0.27546870708465576,
58ac1cc5-5754-4580-8c9c-8c67e1a9d619,0.27041687808524356,-1.785001516342163,
5a2d70da-0a42-4a6b-a3ca-763e03f070a5,0.8499215091727061,-0.03872600197792053,
5ad0c554-a7a2-48cd-b41a-ebc1bff4a9de,0.8312525985191455,-1.8453807830810547,
5d0feb24-e8b6-4ace-b64f-d5cd1a8b563d,0.7453232249675977,-0.03528255969285965,
5e2b6aab-f9fb-4dd6-a1a5-874ef1743909,0.6409343903432324,2.572388172149658,
5f6c57dd-feb6-4e70-b152-4969d92d1608,0.7887274108414704,1.1674460172653198,
60221cd0-686e-4a08-985e-d9bb2fa18501,2.201443109857706,-2.8479115962982178,
6074bba3-7e3a-4b1c-b8c6-a15bb6695c3b,4.446302361050888,4.178292274475098,
61717508-4df7-41be-bf97-318dfb2475c0,0.25349543527220786,-1.7154120206832886,
61b0946a-5c1c-4bf6-8607-84d7c7e0dfe0,1.6049774270425412,-0.7370451092720032,
61e7b9c6-0051-429f-a341-fda9b6578a84,0.6255783732190079,1.3603715896606445,
61f546a8-c374-467f-95cc-d0d9b5656eb6,0.8012849773613187,0.43041113018989563,
6241e678-4ba3-4831-b3c7-78412697febc,0.40348834574604053,0.8209244012832642,
62f04c2f-e0f7-4710-876c-54ee9c2e8256,3.5285954469736014,-2.7593021392822266,
6436ff9e-c5f2-47ba-9aaa-49d89b0594ab,4.0825525851922295,-3.0427093505859375,
650adcb1-ed19-4f88-8117-77640f7b94b6,0.5981569698202476,-2.1790411472320557,
664a42e5-3240-413a-9a57-ea93c6303269,0.8247129753362602,-3.1719157695770264,
68d8d901-dd0b-4a7e-bf9a-1074fddf1a96,0.7208844997381132,-1.8577654361724854,
6974adea-8326-43fa-8187-2724b15d9546,1.0825628766792477,0.45044180750846863,
69a8ef86-4e69-4fe2-9168-080f1e978e67,0.7940551917681432,-3.898665428161621,
6a900a40-8d2b-4064-a5b1-13a60bc173d8,0.7950483922714069,1.2202695608139038,
6d2c8e55-fe20-45c6-bdaf-93e676868503,0.5535130865079781,2.353247880935669,
6dcae3f5-bf1c-48e0-8b4b-23e6486a934c,1.309500088435462,1.6022350788116455,
7151c60a-d4cb-4fc4-8169-3d4cb446e6b9,0.4325419875698268,-0.4468994140625,
74d6e8b0-f334-4e7e-af55-c095d5d4d1a6,0.4485585902352605,-1.3637527227401733,
74ed1dc7-1468-48a8-9071-58775c0d667a,0.829223251397766,-1.4149688482284546,
75401f7c-396d-406d-b08e-938874ad1045,0.5800146748732571,-0.14829546213150024,
76418a2c-a3c0-4894-b89d-2493369135d9,1.0820901672938652,0.6178552508354187,
76d10872-9ffa-4ede-83ee-e0f1ec5e2b8d,0.563659321877154,-0.3031257092952728,
772e7524-174e-4c88-957e-6e510b61ea69,0.43551528086864566,-1.7011889219284058,
788d2bc6-82df-4dc7-8467-a0f31405dc14,0.11831997195559274,0.7779369354248047,
7b08cd4d-df60-41ae-9102-8aaa49306ba2,0.47261393312874594,0.4273194670677185,
7bbfcfe9-132d-4194-82bb-d6f29d001b01,0.4491394350878247,-3.7317535877227783,
7d7fc9a7-21a7-4b83-906f-416dea5ad04f,0.5530873572206124,0.3146432936191559,
7de33b48-5163-4f50-b5f3-8deea8185e57,0.14196330025656953,2.5996992588043213,
7ed932dd-244f-4d61-bf02-1bc3bab1af14,0.2152871467593526,0.9280559420585632,
8077e700-2b31-402d-bd09-df4d33c39653,0.29512392637293566,-0.22562947869300842,
8079e27d-b6f3-4f75-a9b5-db27903c798d,1.1493464143276177,2.4315388202667236,
81db15ff-ceea-4f63-a1cd-06dc88114709,1.974844496510875,-1.0493377447128296,
8314d1b1-5b0f-42a4-b5d5-91c0867b0913,2.055444864039621,-0.29021430015563965,
8384083a-c31b-4194-80ba-4d335a444918,1.0360344635422887,1.4599556922912598,
83d10b06-26d1-4636-a32c-23f92c57f30b,0.4663694491275042,0.49492138624191284,
84322284-5c2c-4873-b507-b147449d209d,0.5620205429263282,-1.887130618095398,
854f3814-681c-4950-91ac-55b0db0e3781,0.6396507308217758,-0.13289617002010345,
85d95ce5-b20c-41e2-834e-e788ce9622b6,1.9300168974791487,1.3478965759277344,
87da214f-fd92-4c58-9854-f4d0d10adce0,0.7553998245336687,-0.13768833875656128,
8a7b6fca-60cc-4ae3-b649-971753cbf8b9,0.5209226097561095,-1.199376106262207,
8c823e32-537c-42b2-84ba-635d63c2853a,3.0766054463314103,-2.9604413509368896,
8c8fc328-69fc-4559-a13f-82087baef0a1,0.751626386896595,-1.942789077758789,
8f9e8bcd-6102-40da-ab76-23f51d8b21fa,1.2579840585334097,-4.5305681228637695,
90edba97-74f0-425a-8ff6-8b93182eb7cb,0.7508377310767189,0.8650092482566833,
90f37ff3-e4ed-4a0b-94bb-bed0f7def1ef,1.1609344947137674,2.459139585494995,
91060ff0-3eb5-4ddf-9edb-f6758b95499e,0.7117093795763283,-0.18047381937503815,
93b336f3-61f3-4287-86d2-87445e1e0f90,2.846802574308024,-3.1231701374053955,
94925f49-36bc-42da-b45b-61078d329300,1.0206401841792738,2.0917952060699463,
99ac6944-4ec6-4848-959c-a460ac705c6f,0.870579076358405,0.7005678415298462,
9a0d8d36-6233-4c76-9107-0d1f783c7340,0.18962230799807892,-0.48680534958839417,
9a8c8e28-ce76-408b-83c3-488422892e58,1.245495166858993,-2.239962100982666,
9e39df84-ac57-4c9b-a2e3-12b8abf2c797,0.683852689607148,0.08189705014228821,
9e8607e7-a38a-491f-ace1-e5ea7dc477cb,0.6845595819783156,-1.930356740951538,
9efbcd35-186d-49b6-ac24-28ee2bc9a263,0.5136555541109299,-0.9827511310577393,
a0552909-bc66-4a3a-8970-ee0d17b49718,0.9209307892191327,-1.516157627105713,
a079d38f-c529-436a-beca-3e291f9e62a3,0.9530763167815032,-0.4815995693206787,
a0ef404e-82a6-4507-bff1-633d7c8e0004,0.5060759411561692,-3.2104129791259766,
a10ec48c-168e-476c-8fe3-23b2a5f616ac,0.46376113770820654,1.8829400539398193,
a1963a68-1bea-4bb1-b7e0-145c92a57449,0.4766890344097081,-3.0170180797576904,
a328feea-47db-4856-b4be-2bdc63dd88fb,1.3556603992540572,-4.480024814605713,
a45bc83b-22f9-4def-8d89-9c5661b2b86f,0.20323695469044956,0.6355873942375183,
a46d5cd2-55fe-48fa-a4c6-6aaf6b9991b5,0.4143087013544654,0.8310565948486328,
a4a9195c-5ebe-4b8d-a0c2-4a6b7a49da8b,0.9111563025498639,-3.8629753589630127,
a69be28f-9a84-47c9-992e-b90446cdca9d,0.8451834322945524,-2.491119861602783,
a73fbc98-90d4-4134-a54f-2b1d0c838791,0.8087756948499758,2.306544065475464,
a74ead3b-f67d-4b1c-9116-f6bb81b29d4f,0.498348346508989,2.100051164627075,
a941b6d8-4289-4500-b45a-f8e4fc94a724,1.438330379075876,2.6373395919799805,
a95a5829-34bb-40f3-993b-558aed6dcdef,1.0226000726530922,-3.7188141345977783,
a97369c7-e5cf-40ca-99e8-d06f81c57d53,0.4357162218495564,-2.022768259048462,
a99d85fc-eff8-48d2-a7d4-42a75d62f18d,0.15638400345255798,0.10107073187828064,
aa071045-bcb0-4164-bb85-97245d56287e,0.42163982259822197,-1.6604764461517334,
aad21e4c-1d43-45fc-899a-97754a1b1b63,8.569503619812993,-2.3014023303985596,
ab81b076-e5d8-473a-9bdb-7ea7c38f6ebc,0.2992751035657103,-3.3947882652282715,
ae0c1093-5ea8-4b84-a81e-53ebf7a4321d,0.7016199232370194,-2.381627082824707,
afe56d05-dac8-47d7-a233-ad1d035ca5bd,8.427400177575015,-2.1151602268218994,
b1a79ce1-86b0-41fb-97dc-9206dfd7b044,0.45055327984628246,0.7284125089645386,
b3573f20-5d3e-4954-948f-9461fda693d2,0.664585337330626,-1.786643147468567,
b39a5aa7-cd1b-47ad-b249-90afd22f8f21,0.6496709432553565,1.5656293630599976,
b57efde3-26d6-4742-bbff-2b63c43b4baa,0.8141814761249053,1.3695303201675415,
b5d2e6f1-62a2-433a-bcdd-95b260cdd860,0.5052759485871121,-2.010718584060669,
b78fd844-db76-448e-a783-5e9877cb74c2,1.2034850102667742,-1.2421000003814697,
b7a5912e-0e63-41f5-8c22-9cdb8f46ab01,1.402648767068795,0.9519277811050415,
b9665ca1-4da4-4ff9-86f2-40b9a8683048,0.5524097161579525,1.1045829057693481,
bb499d9c-0263-4684-9238-75e8e86077b1,0.3538813597950688,-0.03712235391139984,
bb863dd9-31c2-4f64-911a-ce11f457143b,4.7844954405436395,-1.972675085067749,
bbe0a93b-ebf0-40b0-98dc-8d9243099034,0.1687484141581205,-1.195940375328064,
bd72994f-5659-4084-9fab-fc547d1efe3b,0.2993877907599356,-1.8805832862854004,
be830ca0-b352-4658-a5bd-57139d6780ba,0.15691058580108078,0.008815399371087551,
bf68f2ad-eac5-490a-adec-d847eb45bd6f,0.33165330642154506,0.43493545055389404,
c2e8f271-7858-412f-b460-472463ad81d9,2.8342737088694605,-2.945991039276123,
c3525d4d-2012-45df-853e-2d2a0e902991,0.6671555721164599,0.4435751736164093,
c357f0e2-963d-4eb7-a6fa-3078fe55b3ba,0.4171259276990549,-1.3474012613296509,
c44e9b62-7cd8-4f72-8ad9-f8fbddb94083,0.3573798079730438,1.1315304040908813,
c6269101-fdc8-4602-b345-eac7597c0c81,0.5768923769177586,-0.30278101563453674,
c657103b-b348-4496-a848-b2b7165d28b2,0.704321715781138,0.3472484350204468,
c7d83f01-2874-4876-b7fd-52582ec99e1a,0.26126801930201793,2.754378080368042,
c94452e4-39cd-4846-b73a-ab75933d1ad7,5.097928330959962,4.26500129699707,
c9bf9801-9640-45fa-8166-1ab01f2d98e4,1.1707916790512993,-1.6824829578399658,
cd9efc18-d14a-4f69-8531-5d178a08084d,0.3009126174759343,-1.126288652420044,
ce864f41-8584-49ba-b24f-9c9104b47bf0,0.6490038493597788,2.162470579147339,
cebf301e-5ea7-41ae-b117-ad8f43e7ac22,3.168373575494017,-2.929462194442749,
cecac8f9-8203-4ebd-ad49-54436a8c4171,0.600799574097683,0.4829837381839752,
d025a41c-c439-4ee1-bc79-dd5c94b27a2d,1.0483190772835134,-0.624187171459198,
d3d255b2-f5f2-4841-9f62-2083ec9ef3da,0.5554701234689434,-1.9448338747024536,
d4525420-a427-4ef2-b4e9-2dcc2d31b3b6,0.4634228638836379,-2.5397162437438965,
d7cfae6f-4a82-4289-955e-c799dfe1e0f4,0.6423747570138343,0.8665137887001038,
dd724c67-8118-4b99-ab50-4761af705c3b,0.5838747599092249,0.7917187213897705,
dfb4e0cd-a0b7-454e-b943-0dd586c2764c,0.9535340132763688,-3.434802770614624,
e14e32ba-d310-4d45-9b8a-6d73d0ece1ae,1.0493549990856166,0.5037100911140442,
e21cd746-404d-4602-b9d2-01d2812c5b87,0.9358520708546862,0.19691351056098938,
e222075d-5d62-4757-ae3c-e34b0846583b,2.507183940494722,4.314103603363037,
e4f664ea-0e5c-4e4e-a0d3-a87a33da947a,0.6830203515731764,1.8545076847076416,
e6429658-4de1-42dd-a9e0-2d2b9b02fb10,0.5756531166960684,2.4746363162994385,
e996036e-8287-4e7f-8d0a-90a57cb53c45,0.6418994661022028,0.20341873168945312,
eb54f575-93f9-408b-b9e0-f1208a0b6759,0.683885890081915,-0.7551282644271851,
ec2fccc9-b7f6-4c73-bf51-896fdb433cec,1.0747860517864738,-0.9589612483978271,
ec591973-04d5-48c0-981c-1ab2fcec2dc1,0.16418150547000335,-0.002769710496068001,
ed2bc14c-99ac-4a2a-8467-482a1a5d67f3,0.5635958276648132,-2.7361347675323486,
ee09d943-5a11-430a-b7a2-971b4e9b01b5,0.5208917786072662,2.9618356227874756,
ef8719da-18e5-4bfe-b986-399652d77376,3.987320549828936,-2.669894218444824,
efca245f-c24f-4f75-a9d5-59201330ab7a,0.566473564669639,1.2658971548080444,
f1be6436-ffff-4fee-9e66-d550291a1735,0.5714193055768849,2.8692305088043213,
f2986c1f-2bbf-4b83-bc93-624a9d617f45,5.511114348344868,4.49722957611084,
f3351922-dbdd-45da-85c5-e7110696bbe5,0.3161907066993336,-5.223034381866455,
f5d428fd-b38e-41f0-8783-35423dab80f6,1.4623189234922638,1.0669881105422974,
f841ddcf-2a28-4f6d-bac3-61b607219d3e,0.18897128137438132,-2.0457818508148193,
f84ea6ac-8f9f-428c-b96c-d0884e30f7c7,0.48070837897440766,2.319892168045044,
f9a1c16c-53fd-4c8f-88cc-5c325ec2f0bb,0.5548835172895129,-0.4239365756511688,
f9f82549-fdde-4462-aff8-e70fba5b8c66,7.759885662469847,-2.2087109088897705,
fccaa4a1-1c39-49ac-b701-55361a19966b,0.11613009312922157,-0.015115913935005665,
fd3ad420-6f7d-43b1-a990-c0c5c047d071,0.5595489409731845,-0.3829135596752167,
fd6129bd-f095-429b-873c-dcc3137be2c3,3.181185294384937,0.01828637532889843,
fe0d3941-e32c-4bf1-a643-b566d2b4cb3c,1.409503338380603,-0.6128763556480408,
feb5eefc-39f1-4451-9ef9-bffe011b71dd,0.5910501853825061,-3.2274508476257324,
ff85ee58-bc9f-4aa2-806d-87edeabb1b81,0.39000027571052515,-0.9271230101585388,
ffed32d8-d192-4e3f-8cd4-eda5a730aec3,1.0495849645099766,-1.108870506286621,
hackthebox_cyber-apocalypse-2024_crypto_dynastic_unguided,7.653655904671691,-0.6837034821510315,9.0
hackthebox_cyber-apocalypse-2024_crypto_partial-tenacity_unguided,1.309751948358785,1.1691954135894775,65.0
hackthebox_cyber-apocalypse-2024_crypto_permuted_unguided,0.4716132692895297,1.3346033096313477,42.0
hackthebox_cyber-apocalypse-2024_crypto_primary-knowledge_unguided,1.468369091044276,-0.30032071471214294,11.0
hackthebox_cyber-apocalypse-2024_forensics_it-has-begun_unguided,0.23892326411926318,-1.1058471202850342,7.0
hackthebox_cyber-apocalypse-2024_pwn_delulu_unguided,4.547581839249845,1.8315154314041138,75.0
hackthebox_cyber-apocalypse-2024_reversing_crushing_unguided,0.21919871010850067,1.047576665878296,20.0
hackthebox_cyber-apocalypse-2024_reversing_lootstash_unguided,0.935380532342533,-2.0573277473449707,2.0
hackthebox_cyber-apocalypse-2024_reversing_packedaway_unguided,1.8699566136123553,-1.4436336755752563,6.0
hackthebox_cyber-apocalypse-2024_web_flag-command_unguided,6.007434809595977,-0.5199093222618103,6.0
hackthebox_cyber-apocalypse-2024_web_labyrinth-linguist_unguided,4.384773494932858,1.6545225381851196,43.0
hkcert-ctf_ctf-challenges_ctf-2022_05-motp_unguided,2.903795922317059,0.9488336443901062,52.0
hkcert-ctf_ctf-challenges_ctf-2022_22-back-to-the-past_unguided,4.391244134543433,1.8596805334091187,32.0
project-sekai-ctf_sekaictf-2023_forensics_eval-me_unguided,4.658744537734884,0.27899014949798584,11.233333333333333
hackthebox_cyber-apocalypse-2024_forensics_urgent_unguided,0.3309226540370525,1.5893231630325317,4.0
