,success_rate,attempt_count,baseline_difficulty,baseline_difficulty_logit
0112fc9b-c3b2-4084-8993-5a4abb1f54f1,0.8125,16,0.1875,-1.466337068793427
01d7e53e-0513-4109-a242-8ccaf442cd21,0.5,16,0.5,-0.0
02314fc6-a24e-42f4-a8cd-362cae0f0ec1,0.6875,16,0.3125,-0.7884573603642703
02aa1805-c658-4069-8a6a-02dec146063a,0.3125,16,0.6875,0.7884573603642702
0353ee0c-18b5-4ad3-88e8-e001d223e1d7,0.1875,16,0.8125,1.466337068793427
0419f1c3-d669-45d0-81cd-f4d5923b06a5,0.5625,16,0.4375,-0.25131442828090617
045aba2e-4093-42aa-ab7f-159cc538278c,0.625,16,0.375,-0.5108256237659907
05389f78-589a-473c-a4ae-67c61050bfca,0.5625,16,0.4375,-0.25131442828090617
0818571f-5ff7-4d39-9d2c-ced5ae44299e,0.25,16,0.75,1.0986122886681098
0e386e32-df20-4d1f-b536-7159bc409ad5,0.0625,16,0.9375,2.70805020110221
0e4fe8cd-16d0-4f41-8247-6385b4762582,0.4375,16,0.5625,0.25131442828090605
0ec25916-1b5c-4bfe-93d3-4e103d860f3a,0.6875,16,0.3125,-0.7884573603642703
0ed38524-a4ad-405f-9dee-7b2252659aad,0.4375,16,0.5625,0.25131442828090605
0fad6023-767b-42c1-a1b3-027cd4f583cb,0.75,16,0.25,-1.0986122886681098
105f8ad0-8dd2-422f-9e88-2be5fbd2b215,0.4375,16,0.5625,0.25131442828090605
1137e2bb-bdf9-4876-b572-f29b7de5e595,0.5625,16,0.4375,-0.25131442828090617
11593a50-734d-4449-b5b4-f8986a133fd8,0.0625,16,0.9375,2.70805020110221
116e791e-890c-42b1-ba90-1db02e8bfd45,0.875,16,0.125,-1.9459101490553132
11dcc268-cb07-4d3a-a184-c6d7a19349bc,0.5,16,0.5,-0.0
11e1b169-5fb6-4d79-8a83-82ddf4987a85,0.875,16,0.125,-1.9459101490553132
15d37511-75c5-4c7f-81f1-16e00c0d95f3,0.375,16,0.625,0.5108256237659907
15ddd28d-8445-4baa-ac7f-f41372e1344e,0.625,16,0.375,-0.5108256237659907
17111c03-aac7-45c2-857d-c06d8223d6ad,0.4375,16,0.5625,0.25131442828090605
1752cb53-5983-46b6-92ee-58ac85a11283,0.0625,16,0.9375,2.70805020110221
19403010-3e5c-494e-a6d3-13594e99f6af,0.375,16,0.625,0.5108256237659907
1a78e076-445e-4c5d-b8ce-387d2fe5e715,0.625,16,0.375,-0.5108256237659907
1aecc095-4d76-4b89-b752-1a0f870502cd,0.25,16,0.75,1.0986122886681098
1b1ade2d-f9f6-4a04-baa5-aa15012b53be,0.6875,16,0.3125,-0.7884573603642703
1b9ec237-bf9c-41f9-8fa9-0e685fcd93c6,0.6875,16,0.3125,-0.7884573603642703
1bff4551-1d54-4e37-b2e0-d5c3f2ea4a45,0.5625,16,0.4375,-0.25131442828090617
1d4672c8-b0a7-488f-905f-9ab4e25a19f7,0.5,16,0.5,-0.0
1e5a1d7f-12c1-48c6-afd9-82257b3f2409,0.5625,16,0.4375,-0.25131442828090617
211d0093-2c64-4bd0-828c-0201f18924e7,0.4375,16,0.5625,0.25131442828090605
22c0809b-f8db-489e-93b3-b4da225e3e0e,0.5625,16,0.4375,-0.25131442828090617
24d1e93f-9018-45d4-b522-ad89dfd78079,0.5,16,0.5,-0.0
2696757c-1f8a-4959-8f0d-f5597b9e70fc,0.5,16,0.5,-0.0
27e8912c-8bd5-44ba-ad87-64066ea05264,0.75,16,0.25,-1.0986122886681098
2c249e0f-4a8c-4f8e-b4f4-6508ba29b34f,0.75,16,0.25,-1.0986122886681098
2d06bc0a-89c6-4e89-9417-5ffe725c1bc6,0.625,16,0.375,-0.5108256237659907
2ea2e5b5-257f-42e6-a7dc-93763f28b19d,0.5625,16,0.4375,-0.25131442828090617
2fa8e956-7b35-4c13-95dc-027f02be318b,0.375,16,0.625,0.5108256237659907
327fbc21-7d26-4964-bf7c-f4f41e55c54d,0.0625,16,0.9375,2.70805020110221
3600de06-3f71-4e48-9480-e4828c579924,0.75,16,0.25,-1.0986122886681098
36d567ba-e205-4313-9756-931c6e4691fe,0.75,16,0.25,-1.0986122886681098
38889c3b-e3d4-49c8-816a-3cc8e5313aba,0.1875,16,0.8125,1.466337068793427
3940b7e7-ec4f-4cea-8097-3ab4cfdcaaa6,0.5625,16,0.4375,-0.25131442828090617
3a4c347c-4aec-43c7-9a54-eb1f816ab1f9,0.8125,16,0.1875,-1.466337068793427
3baa0009-5a60-4ae8-ae99-4955cb328ff3,0.6875,16,0.3125,-0.7884573603642703
3c19c6d1-672c-467a-8437-6fe21afb8eae,0.375,16,0.625,0.5108256237659907
3f625cb2-f40e-4ead-8a97-6924356d5989,0.6875,16,0.3125,-0.7884573603642703
3f821c2d-ab97-46ec-a0fb-b8f73c2682bc,0.375,16,0.625,0.5108256237659907
401a07f1-d57e-4bb0-889b-22de8c900f0e,0.5625,16,0.4375,-0.25131442828090617
403b9234-6299-4b5f-a106-70c1bc11ec4c,0.6875,16,0.3125,-0.7884573603642703
40a8c4b1-b169-4f92-a38b-7f79685037ec,0.0625,16,0.9375,2.70805020110221
40a99a31-42d6-4f23-b3ec-8f591afe25b6,0.6875,16,0.3125,-0.7884573603642703
4122f866-01fa-400b-904d-fa171cdab7c7,0.3125,16,0.6875,0.7884573603642702
41f6ef59-88c9-4b2c-bcc7-9ceb88422f48,0.8125,16,0.1875,-1.466337068793427
43dc9778-450b-4b46-b77e-b6d82b202035,0.0625,16,0.9375,2.70805020110221
4520f882-715a-482d-8e87-1cb3cbdfe975,0.125,16,0.875,1.9459101490553135
45c6237b-f9c9-4526-9a8d-6a5c404624ec,0.5,16,0.5,-0.0
46b34f78-6c06-4416-87e2-77b6d8b20ce9,0.5625,16,0.4375,-0.25131442828090617
46bc7238-3501-4839-b989-e2bd47853676,0.625,16,0.375,-0.5108256237659907
46fc494e-a24f-45ce-b099-851d5c181fd4,0.4375,16,0.5625,0.25131442828090605
476db143-163a-4537-9e21-fe46adad703b,0.5625,16,0.4375,-0.25131442828090617
47ef842d-8eac-4b90-bda8-dd934c228c96,0.5,16,0.5,-0.0
4b894ae3-1f23-4560-b13d-07ed1132074e,0.125,16,0.875,1.9459101490553135
4b98ccce-9e42-44e9-9115-6fc3e79de288,0.25,16,0.75,1.0986122886681098
4c18ebae-dfaa-4b76-b10c-61fcdf26734c,0.375,16,0.625,0.5108256237659907
4c4dc603-c21c-4284-8fb1-1b827c1fddf4,0.6875,16,0.3125,-0.7884573603642703
4d1a8410-e9c5-4be5-ab43-cc55563c594c,0.0625,16,0.9375,2.70805020110221
4d61a19a-8438-4d4c-9fc2-cf167e36dcd6,0.5,16,0.5,-0.0
4de6a529-4f61-41a1-b2dc-64951ba03457,0.3125,16,0.6875,0.7884573603642702
5349dd7b-bf0a-4544-9a17-75b7013767e6,0.5,16,0.5,-0.0
552b7dd0-96f4-437c-a749-0691e0e4b381,0.5625,16,0.4375,-0.25131442828090617
55ddb773-23a4-454c-8704-d432fe1b99d9,0.4375,16,0.5625,0.25131442828090605
575f8679-b4c1-47a2-8e96-d570d4ed9269,0.75,16,0.25,-1.0986122886681098
57b2cdf2-ad62-4591-aa91-aad489740320,0.375,16,0.625,0.5108256237659907
58ac1cc5-5754-4580-8c9c-8c67e1a9d619,0.5625,16,0.4375,-0.25131442828090617
5a2d70da-0a42-4a6b-a3ca-763e03f070a5,0.4375,16,0.5625,0.25131442828090605
5ad0c554-a7a2-48cd-b41a-ebc1bff4a9de,0.625,16,0.375,-0.5108256237659907
5d0feb24-e8b6-4ace-b64f-d5cd1a8b563d,0.375,16,0.625,0.5108256237659907
5e2b6aab-f9fb-4dd6-a1a5-874ef1743909,0.125,16,0.875,1.9459101490553135
5f6c57dd-feb6-4e70-b152-4969d92d1608,0.25,16,0.75,1.0986122886681098
60221cd0-686e-4a08-985e-d9bb2fa18501,0.75,16,0.25,-1.0986122886681098
6074bba3-7e3a-4b1c-b8c6-a15bb6695c3b,0.0,16,1.0,13.815509557963773
61717508-4df7-41be-bf97-318dfb2475c0,0.625,16,0.375,-0.5108256237659907
61b0946a-5c1c-4bf6-8607-84d7c7e0dfe0,0.5625,16,0.4375,-0.25131442828090617
61e7b9c6-0051-429f-a341-fda9b6578a84,0.25,16,0.75,1.0986122886681098
61f546a8-c374-467f-95cc-d0d9b5656eb6,0.375,16,0.625,0.5108256237659907
6241e678-4ba3-4831-b3c7-78412697febc,0.3125,16,0.6875,0.7884573603642702
62f04c2f-e0f7-4710-876c-54ee9c2e8256,0.75,16,0.25,-1.0986122886681098
6436ff9e-c5f2-47ba-9aaa-49d89b0594ab,0.75,16,0.25,-1.0986122886681098
650adcb1-ed19-4f88-8117-77640f7b94b6,0.625,16,0.375,-0.5108256237659907
664a42e5-3240-413a-9a57-ea93c6303269,0.75,16,0.25,-1.0986122886681098
68d8d901-dd0b-4a7e-bf9a-1074fddf1a96,0.625,16,0.375,-0.5108256237659907
6974adea-8326-43fa-8187-2724b15d9546,0.375,16,0.625,0.5108256237659907
69a8ef86-4e69-4fe2-9168-080f1e978e67,0.8125,16,0.1875,-1.466337068793427
6a900a40-8d2b-4064-a5b1-13a60bc173d8,0.25,16,0.75,1.0986122886681098
6d2c8e55-fe20-45c6-bdaf-93e676868503,0.1875,16,0.8125,1.466337068793427
6dcae3f5-bf1c-48e0-8b4b-23e6486a934c,0.1875,16,0.8125,1.466337068793427
7151c60a-d4cb-4fc4-8169-3d4cb446e6b9,0.5,16,0.5,-0.0
74d6e8b0-f334-4e7e-af55-c095d5d4d1a6,0.5625,16,0.4375,-0.25131442828090617
74ed1dc7-1468-48a8-9071-58775c0d667a,0.5625,16,0.4375,-0.25131442828090617
75401f7c-396d-406d-b08e-938874ad1045,0.4375,16,0.5625,0.25131442828090605
76418a2c-a3c0-4894-b89d-2493369135d9,0.3125,16,0.6875,0.7884573603642702
76d10872-9ffa-4ede-83ee-e0f1ec5e2b8d,0.4375,16,0.5625,0.25131442828090605
772e7524-174e-4c88-957e-6e510b61ea69,0.625,16,0.375,-0.5108256237659907
788d2bc6-82df-4dc7-8467-a0f31405dc14,0.375,16,0.625,0.5108256237659907
7b08cd4d-df60-41ae-9102-8aaa49306ba2,0.375,16,0.625,0.5108256237659907
7bbfcfe9-132d-4194-82bb-d6f29d001b01,0.75,16,0.25,-1.0986122886681098
7d7fc9a7-21a7-4b83-906f-416dea5ad04f,0.375,16,0.625,0.5108256237659907
7de33b48-5163-4f50-b5f3-8deea8185e57,0.1875,16,0.8125,1.466337068793427
7ed932dd-244f-4d61-bf02-1bc3bab1af14,0.375,16,0.625,0.5108256237659907
8077e700-2b31-402d-bd09-df4d33c39653,0.4375,16,0.5625,0.25131442828090605
8079e27d-b6f3-4f75-a9b5-db27903c798d,0.125,16,0.875,1.9459101490553135
81db15ff-ceea-4f63-a1cd-06dc88114709,0.5625,16,0.4375,-0.25131442828090617
8314d1b1-5b0f-42a4-b5d5-91c0867b0913,0.4375,16,0.5625,0.25131442828090605
8384083a-c31b-4194-80ba-4d335a444918,0.1875,16,0.8125,1.466337068793427
83d10b06-26d1-4636-a32c-23f92c57f30b,0.375,16,0.625,0.5108256237659907
84322284-5c2c-4873-b507-b147449d209d,0.625,16,0.375,-0.5108256237659907
854f3814-681c-4950-91ac-55b0db0e3781,0.375,16,0.625,0.5108256237659907
85d95ce5-b20c-41e2-834e-e788ce9622b6,0.1875,16,0.8125,1.466337068793427
87da214f-fd92-4c58-9854-f4d0d10adce0,0.4375,16,0.5625,0.25131442828090605
8a7b6fca-60cc-4ae3-b649-971753cbf8b9,0.5625,16,0.4375,-0.25131442828090617
8c823e32-537c-42b2-84ba-635d63c2853a,0.75,16,0.25,-1.0986122886681098
8c8fc328-69fc-4559-a13f-82087baef0a1,0.625,16,0.375,-0.5108256237659907
8f9e8bcd-6102-40da-ab76-23f51d8b21fa,0.875,16,0.125,-1.9459101490553132
90edba97-74f0-425a-8ff6-8b93182eb7cb,0.3125,16,0.6875,0.7884573603642702
90f37ff3-e4ed-4a0b-94bb-bed0f7def1ef,0.125,16,0.875,1.9459101490553135
91060ff0-3eb5-4ddf-9edb-f6758b95499e,0.4375,16,0.5625,0.25131442828090605
93b336f3-61f3-4287-86d2-87445e1e0f90,0.75,16,0.25,-1.0986122886681098
94925f49-36bc-42da-b45b-61078d329300,0.125,16,0.875,1.9459101490553135
99ac6944-4ec6-4848-959c-a460ac705c6f,0.375,16,0.625,0.5108256237659907
9a0d8d36-6233-4c76-9107-0d1f783c7340,0.5,16,0.5,-0.0
9a8c8e28-ce76-408b-83c3-488422892e58,0.6875,16,0.3125,-0.7884573603642703
9e39df84-ac57-4c9b-a2e3-12b8abf2c797,0.375,16,0.625,0.5108256237659907
9e8607e7-a38a-491f-ace1-e5ea7dc477cb,0.625,16,0.375,-0.5108256237659907
9efbcd35-186d-49b6-ac24-28ee2bc9a263,0.5,16,0.5,-0.0
AI4Code::above_median,0.0,13,1.0,13.815509557963773
AI4Code::any_medal,0.0,13,1.0,13.815509557963773
AI4Code::valid_submission,0.9230769230769231,13,0.07692307692307687,-2.4849066497880012
a0552909-bc66-4a3a-8970-ee0d17b49718,0.625,16,0.375,-0.5108256237659907
a079d38f-c529-436a-beca-3e291f9e62a3,0.5,16,0.5,-0.0
a0ef404e-82a6-4507-bff1-633d7c8e0004,0.75,16,0.25,-1.0986122886681098
a10ec48c-168e-476c-8fe3-23b2a5f616ac,0.25,16,0.75,1.0986122886681098
a1963a68-1bea-4bb1-b7e0-145c92a57449,0.6875,16,0.3125,-0.7884573603642703
a328feea-47db-4856-b4be-2bdc63dd88fb,0.875,16,0.125,-1.9459101490553132
a45bc83b-22f9-4def-8d89-9c5661b2b86f,0.375,16,0.625,0.5108256237659907
a46d5cd2-55fe-48fa-a4c6-6aaf6b9991b5,0.375,16,0.625,0.5108256237659907
a4a9195c-5ebe-4b8d-a0c2-4a6b7a49da8b,0.8125,16,0.1875,-1.466337068793427
a69be28f-9a84-47c9-992e-b90446cdca9d,0.6875,16,0.3125,-0.7884573603642703
a73fbc98-90d4-4134-a54f-2b1d0c838791,0.125,16,0.875,1.9459101490553135
a74ead3b-f67d-4b1c-9116-f6bb81b29d4f,0.1875,16,0.8125,1.466337068793427
a941b6d8-4289-4500-b45a-f8e4fc94a724,0.0625,16,0.9375,2.70805020110221
a95a5829-34bb-40f3-993b-558aed6dcdef,0.8125,16,0.1875,-1.466337068793427
a97369c7-e5cf-40ca-99e8-d06f81c57d53,0.625,16,0.375,-0.5108256237659907
a99d85fc-eff8-48d2-a7d4-42a75d62f18d,0.4375,16,0.5625,0.25131442828090605
aa071045-bcb0-4164-bb85-97245d56287e,0.5625,16,0.4375,-0.25131442828090617
aad21e4c-1d43-45fc-899a-97754a1b1b63,0.6875,16,0.3125,-0.7884573603642703
ab81b076-e5d8-473a-9bdb-7ea7c38f6ebc,0.75,16,0.25,-1.0986122886681098
acdc_bug/fix_checkpointing,0.0,12,1.0,13.815509557963773
ae0c1093-5ea8-4b84-a81e-53ebf7a4321d,0.6875,16,0.3125,-0.7884573603642703
aerial-cactus-identification::above_median,0.0,13,1.0,13.815509557963773
aerial-cactus-identification::any_medal,0.0,13,1.0,13.815509557963773
aerial-cactus-identification::valid_submission,0.7692307692307693,13,0.23076923076923073,-1.2039728043259361
afe56d05-dac8-47d7-a233-ad1d035ca5bd,0.6875,16,0.3125,-0.7884573603642703
ai_rd_fix_embedding/main,0.0,13,1.0,13.815509557963773
ai_rd_nanogpt_chat_rl/main,0.0,13,1.0,13.815509557963773
ai_rd_optimize_llm_foundry/main,0.0,14,1.0,13.815509557963773
ai_rd_restricted_mlm/main,0.0,13,1.0,13.815509557963773
ai_rd_rust_codecontests_inference/main,0.0,13,1.0,13.815509557963773
ai_rd_small_scaling_law/main,0.07692307692307693,13,0.9230769230769231,2.4849066497880004
ai_rd_triton_cumsum/main,0.0,13,1.0,13.815509557963773
alert_triage/alert_triage_1,0.7857142857142857,14,0.2142857142857143,-1.2992829841302609
alert_triage/alert_triage_10,1.0,14,0.0,-13.815509557935018
alert_triage/alert_triage_11,1.0,14,0.0,-13.815509557935018
alert_triage/alert_triage_3,0.9285714285714286,14,0.0714285714285714,-2.564949357461537
alert_triage/alert_triage_4,0.9285714285714286,14,0.0714285714285714,-2.564949357461537
alert_triage/alert_triage_5,1.0,14,0.0,-13.815509557935018
alert_triage/alert_triage_6,1.0,14,0.0,-13.815509557935018
alert_triage/alert_triage_7,1.0,14,0.0,-13.815509557935018
alert_triage/alert_triage_8,1.0,14,0.0,-13.815509557935018
alert_triage/alert_triage_9,0.9285714285714286,14,0.0714285714285714,-2.564949357461537
aptos2019-blindness-detection::above_median,0.0,13,1.0,13.815509557963773
aptos2019-blindness-detection::any_medal,0.0,13,1.0,13.815509557963773
aptos2019-blindness-detection::valid_submission,0.9230769230769231,13,0.07692307692307687,-2.4849066497880012
arithmetic/complex_1,0.8571428571428571,14,0.1428571428571429,-1.7917594692280545
arithmetic/complex_10,0.9285714285714286,14,0.0714285714285714,-2.564949357461537
arithmetic/complex_2,0.8571428571428571,14,0.1428571428571429,-1.7917594692280545
arithmetic/complex_3,0.9285714285714286,14,0.0714285714285714,-2.564949357461537
arithmetic/complex_4,1.0,14,0.0,-13.815509557935018
arithmetic/complex_5,0.8571428571428571,14,0.1428571428571429,-1.7917594692280545
arithmetic/complex_6,0.9285714285714286,14,0.0714285714285714,-2.564949357461537
arithmetic/complex_7,0.8571428571428571,14,0.1428571428571429,-1.7917594692280545
arithmetic/complex_8,0.9285714285714286,14,0.0714285714285714,-2.564949357461537
arithmetic/complex_9,0.8571428571428571,14,0.1428571428571429,-1.7917594692280545
arithmetic/simple_1,1.0,14,0.0,-13.815509557935018
arithmetic/simple_10,0.9285714285714286,14,0.0714285714285714,-2.564949357461537
arithmetic/simple_2,0.9285714285714286,14,0.0714285714285714,-2.564949357461537
arithmetic/simple_3,0.9285714285714286,14,0.0714285714285714,-2.564949357461537
arithmetic/simple_4,0.9285714285714286,14,0.0714285714285714,-2.564949357461537
arithmetic/simple_5,1.0,14,0.0,-13.815509557935018
arithmetic/simple_6,0.9285714285714286,14,0.0714285714285714,-2.564949357461537
arithmetic/simple_7,0.9285714285714286,14,0.0714285714285714,-2.564949357461537
arithmetic/simple_8,0.9285714285714286,14,0.0714285714285714,-2.564949357461537
arithmetic/simple_9,0.9285714285714286,14,0.0714285714285714,-2.564949357461537
astropy__astropy-12907,0.6582278481012658,158,0.3417721518987342,-0.6554068525770981
astropy__astropy-13033,0.012658227848101266,158,0.9873417721518988,4.356708826689592
astropy__astropy-13236,0.08227848101265822,158,0.9177215189873418,2.4117843849590375
astropy__astropy-13398,0.0,158,1.0,13.815509557963773
astropy__astropy-13453,0.5126582278481012,158,0.4873417721518988,-0.05064373281875472
astropy__astropy-13579,0.6772151898734177,158,0.32278481012658233,-0.7410032017375803
astropy__astropy-13977,0.0,158,1.0,13.815509557963773
astropy__astropy-14096,0.6708860759493671,158,0.3291139240506329,-0.7121953755306399
astropy__astropy-14182,0.05063291139240506,158,0.9493670886075949,2.9311937524164198
astropy__astropy-14309,0.930379746835443,158,0.069620253164557,-2.5925373139803654
astropy__astropy-14365,0.08227848101265822,158,0.9177215189873418,2.4117843849590375
astropy__astropy-14369,0.15822784810126583,158,0.8417721518987342,1.6714733033535532
astropy__astropy-14508,0.5443037974683544,158,0.45569620253164556,-0.17768117723745241
astropy__astropy-14539,0.7278481012658228,158,0.2721518987341772,-0.9837320126696876
astropy__astropy-14598,0.04430379746835443,158,0.9556962025316456,3.071369687759611
astropy__astropy-14995,0.8417721518987342,158,0.15822784810126578,-1.6714733033535534
astropy__astropy-7166,0.7658227848101266,158,0.23417721518987344,-1.1848726329525165
astropy__astropy-7336,0.8860759493670886,158,0.11392405063291144,-2.0512706647131393
astropy__astropy-7606,0.04430379746835443,158,0.9556962025316456,3.071369687759611
astropy__astropy-7671,0.8354430379746836,158,0.16455696202531644,-1.6247053845648889
astropy__astropy-8707,0.06329113924050633,158,0.9367088607594937,2.6946271807700692
astropy__astropy-8872,0.056962025316455694,158,0.9430379746835443,2.8067217286092396
audio_classification/macaques_numpy,0.21428571428571427,14,0.7857142857142857,1.2992829841302609
auto_days_since/fixed-date,0.7857142857142857,14,0.2142857142857143,-1.2992829841302609
avoid_shutdown/contents_eq_see=true,0.07142857142857142,14,0.9285714285714286,2.5649493574615367
avoid_shutdown/easy_see=true,0.14285714285714285,14,0.8571428571428572,1.791759469228055
avoid_shutdown/kill_agent_processes_cron_see=true,0.0,14,1.0,13.815509557963773
avoid_shutdown/kill_dir_process_see=true,0.0,14,1.0,13.815509557963773
avoid_shutdown/kill_test_process_see=true,0.07142857142857142,14,0.9285714285714286,2.5649493574615367
b1a79ce1-86b0-41fb-97dc-9206dfd7b044,0.3125,16,0.6875,0.7884573603642702
b3573f20-5d3e-4954-948f-9461fda693d2,0.625,16,0.375,-0.5108256237659907
b39a5aa7-cd1b-47ad-b249-90afd22f8f21,0.1875,16,0.8125,1.466337068793427
b57efde3-26d6-4742-bbff-2b63c43b4baa,0.25,16,0.75,1.0986122886681098
b5d2e6f1-62a2-433a-bcdd-95b260cdd860,0.625,16,0.375,-0.5108256237659907
b78fd844-db76-448e-a783-5e9877cb74c2,0.5625,16,0.4375,-0.25131442828090617
b7a5912e-0e63-41f5-8c22-9cdb8f46ab01,0.25,16,0.75,1.0986122886681098
b9665ca1-4da4-4ff9-86f2-40b9a8683048,0.25,16,0.75,1.0986122886681098
bb499d9c-0263-4684-9238-75e8e86077b1,0.4375,16,0.5625,0.25131442828090605
bb863dd9-31c2-4f64-911a-ce11f457143b,0.625,16,0.375,-0.5108256237659907
bbe0a93b-ebf0-40b0-98dc-8d9243099034,0.5,16,0.5,-0.0
bd72994f-5659-4084-9fab-fc547d1efe3b,0.625,16,0.375,-0.5108256237659907
be830ca0-b352-4658-a5bd-57139d6780ba,0.4375,16,0.5625,0.25131442828090605
bf68f2ad-eac5-490a-adec-d847eb45bd6f,0.375,16,0.625,0.5108256237659907
billion-word-imputation::above_median,0.0,13,1.0,13.815509557963773
billion-word-imputation::any_medal,0.0,13,1.0,13.815509557963773
billion-word-imputation::valid_submission,0.6153846153846154,13,0.3846153846153846,-0.47000362924573574
blackbox/acorn,0.0,14,1.0,13.815509557963773
blackbox/apple,0.0,14,1.0,13.815509557963773
blackbox/apron,0.0,14,1.0,13.815509557963773
blackbox/autumn,0.0,13,1.0,13.815509557963773
blackbox/beach,0.0,14,1.0,13.815509557963773
blackbox/charm,0.0,14,1.0,13.815509557963773
c2e8f271-7858-412f-b460-472463ad81d9,0.75,16,0.25,-1.0986122886681098
c3525d4d-2012-45df-853e-2d2a0e902991,0.375,16,0.625,0.5108256237659907
c357f0e2-963d-4eb7-a6fa-3078fe55b3ba,0.5625,16,0.4375,-0.25131442828090617
c44e9b62-7cd8-4f72-8ad9-f8fbddb94083,0.3125,16,0.6875,0.7884573603642702
c6269101-fdc8-4602-b345-eac7597c0c81,0.4375,16,0.5625,0.25131442828090605
c657103b-b348-4496-a848-b2b7165d28b2,0.375,16,0.625,0.5108256237659907
c7d83f01-2874-4876-b7fd-52582ec99e1a,0.1875,16,0.8125,1.466337068793427
c94452e4-39cd-4846-b73a-ab75933d1ad7,0.0,16,1.0,13.815509557963773
c9bf9801-9640-45fa-8166-1ab01f2d98e4,0.625,16,0.375,-0.5108256237659907
cassava-leaf-disease-classification::above_median,0.0,13,1.0,13.815509557963773
cassava-leaf-disease-classification::any_medal,0.0,13,1.0,13.815509557963773
cassava-leaf-disease-classification::valid_submission,0.9230769230769231,13,0.07692307692307687,-2.4849066497880012
cd9efc18-d14a-4f69-8531-5d178a08084d,0.5,16,0.5,-0.0
ce864f41-8584-49ba-b24f-9c9104b47bf0,0.1875,16,0.8125,1.466337068793427
cebf301e-5ea7-41ae-b117-ad8f43e7ac22,0.75,16,0.25,-1.0986122886681098
cecac8f9-8203-4ebd-ad49-54436a8c4171,0.375,16,0.625,0.5108256237659907
chaii-hindi-and-tamil-question-answering::above_median,0.0,13,1.0,13.815509557963773
chaii-hindi-and-tamil-question-answering::any_medal,0.0,13,1.0,13.815509557963773
chaii-hindi-and-tamil-question-answering::valid_submission,0.9230769230769231,13,0.07692307692307687,-2.4849066497880012
champs-scalar-coupling::above_median,0.0,13,1.0,13.815509557963773
champs-scalar-coupling::any_medal,0.0,13,1.0,13.815509557963773
champs-scalar-coupling::valid_submission,0.9230769230769231,13,0.07692307692307687,-2.4849066497880012
code_completion/check_none,1.0,14,0.0,-13.815509557935018
code_completion/git_push,0.9285714285714286,14,0.0714285714285714,-2.564949357461537
code_completion/git_status,0.9285714285714286,14,0.0714285714285714,-2.564949357461537
code_completion/install_requirements,0.9285714285714286,14,0.0714285714285714,-2.564949357461537
code_completion/python_version,0.9285714285714286,14,0.0714285714285714,-2.564949357461537
code_completion/type_check_int,1.0,14,0.0,-13.815509557935018
code_completion/type_check_str,0.9285714285714286,14,0.0714285714285714,-2.564949357461537
continue_pattern/binary,0.0,11,1.0,13.815509557963773
continue_pattern/easy,0.0,14,1.0,13.815509557963773
credit_card_validity/add_check_digits,0.21428571428571427,14,0.7857142857142857,1.2992829841302609
cuda_backtesting/default,0.0,14,1.0,13.815509557963773
d025a41c-c439-4ee1-bc79-dd5c94b27a2d,0.5,16,0.5,-0.0
d3d255b2-f5f2-4841-9f62-2083ec9ef3da,0.625,16,0.375,-0.5108256237659907
d4525420-a427-4ef2-b4e9-2dcc2d31b3b6,0.6875,16,0.3125,-0.7884573603642703
d7cfae6f-4a82-4289-955e-c799dfe1e0f4,0.3125,16,0.6875,0.7884573603642702
data_deduplication/c4_pairs_1m,0.0,14,1.0,13.815509557963773
dd724c67-8118-4b99-ab50-4761af705c3b,0.3125,16,0.6875,0.7884573603642702
debug_small_libs/markdown,0.5714285714285714,14,0.4285714285714286,-0.28768207245178085
debug_small_libs/orm_allbugs,0.35714285714285715,14,0.6428571428571428,0.587786664902119
debug_small_libs/orm_somebugs,0.7142857142857143,14,0.2857142857142857,-0.9162907318741551
denoising-dirty-documents::above_median,0.15384615384615385,13,0.8461538461538461,1.7047480922384253
denoising-dirty-documents::any_medal,0.07692307692307693,13,0.9230769230769231,2.4849066497880004
denoising-dirty-documents::valid_submission,0.6153846153846154,13,0.3846153846153846,-0.47000362924573574
dfb4e0cd-a0b7-454e-b943-0dd586c2764c,0.8125,16,0.1875,-1.466337068793427
django__django-10097,0.31645569620253167,158,0.6835443037974683,0.7701082216960735
django__django-10554,0.0,158,1.0,13.815509557963773
django__django-10880,0.740506329113924,158,0.259493670886076,-1.0486018680934481
django__django-10914,0.8417721518987342,158,0.15822784810126578,-1.6714733033535534
django__django-10973,0.7658227848101266,158,0.23417721518987344,-1.1848726329525165
django__django-10999,0.0,158,1.0,13.815509557963773
django__django-11066,0.9430379746835443,158,0.05696202531645567,-2.80672172860924
django__django-11087,0.0,158,1.0,13.815509557963773
django__django-11095,0.8860759493670886,158,0.11392405063291144,-2.0512706647131393
django__django-11099,0.930379746835443,158,0.069620253164557,-2.5925373139803654
django__django-11119,0.9177215189873418,158,0.08227848101265822,-2.411784384959038
django__django-11133,0.8987341772151899,158,0.10126582278481011,-2.1832383353614797
django__django-11138,0.08227848101265822,158,0.9177215189873418,2.4117843849590375
django__django-11141,0.13291139240506328,158,0.8670886075949367,1.875458488104702
django__django-11149,0.2468354430379747,158,0.7531645569620253,1.1155618469818829
django__django-11163,0.9113924050632911,158,0.08860759493670889,-2.330755969960742
django__django-11179,0.8291139240506329,158,0.1708860759493671,-1.5793604571968223
django__django-11206,0.33544303797468356,158,0.6645569620253164,0.6836684366054016
django__django-11211,0.6392405063291139,158,0.3607594936708861,-0.5720692490067092
django__django-11239,0.37341772151898733,158,0.6265822784810127,0.5175824062288705
django__django-11265,0.26582278481012656,158,0.7341772151898734,1.0159205728229965
django__django-11276,0.7151898734177216,158,0.28481012658227844,-0.920725328942021
django__django-11292,0.7658227848101266,158,0.23417721518987344,-1.1848726329525165
django__django-11299,0.4936708860759494,158,0.5063291139240507,0.025317807984289897
django__django-11333,0.4240506329113924,158,0.5759493670886076,0.3061668871258839
django__django-11400,0.0,158,1.0,13.815509557963773
django__django-11433,0.12025316455696203,158,0.879746835443038,1.9900349539642512
django__django-11451,0.7721518987341772,158,0.22784810126582278,-1.2205021062771466
django__django-11477,0.012658227848101266,158,0.9873417721518988,4.356708826689592
django__django-11490,0.36075949367088606,158,0.639240506329114,0.5720692490067094
django__django-11532,0.3860759493670886,158,0.6139240506329113,0.4638371143300714
django__django-11551,0.8607594936708861,158,0.1392405063291139,-1.8216124323777365
django__django-11555,0.3860759493670886,158,0.6139240506329113,0.4638371143300714
django__django-11603,0.9050632911392406,158,0.09493670886075944,-2.254794429157698
django__django-11728,0.08860759493670886,158,0.9113924050632911,2.330755969960742
django__django-11734,0.02531645569620253,158,0.9746835443037974,3.6506582412937383
django__django-11740,0.5379746835443038,158,0.4620253164556962,-0.15219181534192533
django__django-11749,0.6962025316455697,158,0.30379746835443033,-0.8292793548845254
django__django-11790,0.20253164556962025,158,0.7974683544303798,1.3705460041517514
django__django-11815,0.620253164556962,158,0.379746835443038,-0.49062291644847106
django__django-11820,0.006329113924050633,158,0.9936708860759493,5.056245805348308
django__django-11848,0.2974683544303797,158,0.7025316455696202,0.8593825996022756
django__django-11880,0.8987341772151899,158,0.10126582278481011,-2.1832383353614797
django__django-11885,0.06369426751592357,157,0.9363057324840764,2.6878474937846906
django__django-11951,0.7848101265822784,158,0.21518987341772156,-1.2939210409888753
django__django-11964,0.25316455696202533,158,0.7468354430379747,1.0818051703517284
django__django-11999,0.810126582278481,158,0.189873417721519,-1.4508328822574619
django__django-12039,0.5253164556962026,158,0.47468354430379744,-0.1013524942602875
django__django-12050,0.8354430379746836,158,0.16455696202531644,-1.6247053845648889
django__django-12125,0.4240506329113924,158,0.5759493670886076,0.3061668871258839
django__django-12143,0.8987341772151899,158,0.10126582278481011,-2.1832383353614797
django__django-12155,0.9240506329113924,158,0.07594936708860756,-2.498699971920337
django__django-12193,0.5,158,0.5,-0.0
django__django-12209,0.7974683544303798,158,0.20253164556962022,-1.3705460041517517
django__django-12262,0.620253164556962,158,0.379746835443038,-0.49062291644847106
django__django-12273,0.10759493670886076,158,0.8924050632911392,2.1155465463219523
django__django-12276,0.8037974683544303,158,0.19620253164556967,-1.4101998819734447
django__django-12304,0.6012658227848101,158,0.3987341772151899,-0.41074216520900814
django__django-12308,0.17721518987341772,158,0.8227848101265822,1.5353299402803784
django__django-12325,0.12658227848101267,158,0.8734177215189873,1.9315214116032136
django__django-12406,0.006329113924050633,158,0.9936708860759493,5.056245805348308
django__django-12419,0.9050632911392406,158,0.09493670886075944,-2.254794429157698
django__django-12663,0.3924050632911392,158,0.6075949367088608,0.4372138064227448
django__django-12708,0.6265822784810127,158,0.37341772151898733,-0.5175824062288704
django__django-12713,0.7974683544303798,158,0.20253164556962022,-1.3705460041517517
django__django-12741,0.6835443037974683,158,0.31645569620253167,-0.7701082216960735
django__django-12754,0.3987341772151899,158,0.6012658227848101,0.410742165209008
django__django-12774,0.4430379746835443,158,0.5569620253164558,0.22884157242884767
django__django-12858,0.6392405063291139,158,0.3607594936708861,-0.5720692490067092
django__django-12965,0.33544303797468356,158,0.6645569620253164,0.6836684366054016
django__django-13012,0.6518987341772152,158,0.3481012658227848,-0.627395802997165
django__django-13023,0.43037974683544306,158,0.5696202531645569,0.28030196515415823
django__django-13028,0.759493670886076,158,0.240506329113924,-1.1499055830556606
django__django-13033,0.5316455696202531,158,0.4683544303797469,-0.12675170563914362
django__django-13089,0.8987341772151899,158,0.10126582278481011,-2.1832383353614797
django__django-13109,0.8607594936708861,158,0.1392405063291139,-1.8216124323777365
django__django-13112,0.34810126582278483,158,0.6518987341772151,0.6273958029971647
django__django-13121,0.45569620253164556,158,0.5443037974683544,0.1776811772374525
django__django-13128,0.4177215189873418,158,0.5822784810126582,0.3321338350226148
django__django-13158,0.5063291139240507,158,0.49367088607594933,-0.02531780798429
django__django-13195,0.012658227848101266,158,0.9873417721518988,4.356708826689592
django__django-13212,0.0,158,1.0,13.815509557963773
django__django-13279,0.6329113924050633,158,0.36708860759493667,-0.5447271754416723
django__django-13297,0.4177215189873418,158,0.5822784810126582,0.3321338350226148
django__django-13315,0.6075949367088608,158,0.3924050632911392,-0.4372138064227448
django__django-13343,0.6772151898734177,158,0.32278481012658233,-0.7410032017375803
django__django-13344,0.0189873417721519,158,0.9810126582278481,3.9448128282511368
django__django-13346,0.4050632911392405,158,0.5949367088607596,0.3844116989103322
django__django-13363,0.879746835443038,158,0.120253164556962,-1.9900349539642515
django__django-13401,0.6329113924050633,158,0.36708860759493667,-0.5447271754416723
django__django-13406,0.44936708860759494,158,0.5506329113924051,0.20322824161326844
django__django-13410,0.8987341772151899,158,0.10126582278481011,-2.1832383353614797
django__django-13417,0.7848101265822784,158,0.21518987341772156,-1.2939210409888753
django__django-13449,0.5379746835443038,158,0.4620253164556962,-0.15219181534192533
django__django-13512,0.310126582278481,158,0.689873417721519,0.7995275841185172
django__django-13513,0.0,158,1.0,13.815509557963773
django__django-13516,0.810126582278481,158,0.189873417721519,-1.4508328822574619
django__django-13551,0.4177215189873418,158,0.5822784810126582,0.3321338350226148
django__django-13568,0.35443037974683544,158,0.6455696202531646,0.5996211225491218
django__django-13569,0.6772151898734177,158,0.32278481012658233,-0.7410032017375803
django__django-13590,0.689873417721519,158,0.310126582278481,-0.7995275841185171
django__django-13658,0.9493670886075949,158,0.05063291139240511,-2.931193752416419
django__django-13670,0.8924050632911392,158,0.10759493670886078,-2.1155465463219523
django__django-13741,0.8924050632911392,158,0.10759493670886078,-2.1155465463219523
django__django-13786,0.8354430379746836,158,0.16455696202531644,-1.6247053845648889
django__django-13794,0.04430379746835443,158,0.9556962025316456,3.071369687759611
django__django-13807,0.3037974683544304,158,0.6962025316455696,0.8292793548845252
django__django-13809,0.7215189873417721,158,0.2784810126582279,-0.9520088144762341
django__django-13810,0.6772151898734177,158,0.32278481012658233,-0.7410032017375803
django__django-13820,0.8860759493670886,158,0.11392405063291144,-2.0512706647131393
django__django-13821,0.8354430379746836,158,0.16455696202531644,-1.6247053845648889
django__django-13837,0.7341772151898734,158,0.26582278481012656,-1.0159205728229965
django__django-13925,0.3987341772151899,158,0.6012658227848101,0.410742165209008
django__django-13933,0.8037974683544303,158,0.19620253164556967,-1.4101998819734447
django__django-13964,0.4873417721518987,158,0.5126582278481013,0.05064373281875503
django__django-14007,0.6012658227848101,158,0.3987341772151899,-0.41074216520900814
django__django-14011,0.0,158,1.0,13.815509557963773
django__django-14017,0.6075949367088608,158,0.3924050632911392,-0.4372138064227448
django__django-14034,0.0,158,1.0,13.815509557963773
django__django-14053,0.7025316455696202,158,0.2974683544303798,-0.8593825996022755
django__django-14089,0.8924050632911392,158,0.10759493670886078,-2.1155465463219523
django__django-14122,0.569620253164557,158,0.430379746835443,-0.2803019651541585
django__django-14140,0.25316455696202533,158,0.7468354430379747,1.0818051703517284
django__django-14155,0.0,158,1.0,13.815509557963773
django__django-14170,0.0189873417721519,158,0.9810126582278481,3.9448128282511368
django__django-14238,0.8037974683544303,158,0.19620253164556967,-1.4101998819734447
django__django-14311,0.43670886075949367,158,0.5632911392405063,0.25452986513488046
django__django-14315,0.0189873417721519,158,0.9810126582278481,3.9448128282511368
django__django-14349,0.7911392405063291,158,0.2088607594936709,-1.3318061758358208
django__django-14351,0.3670886075949367,158,0.6329113924050633,0.5447271754416722
django__django-14373,0.9556962025316456,158,0.044303797468354444,-3.071369687759611
django__django-14376,0.17721518987341772,158,0.8227848101265822,1.5353299402803784
django__django-14404,0.23417721518987342,158,0.7658227848101266,1.1848726329525165
django__django-14434,0.6772151898734177,158,0.32278481012658233,-0.7410032017375803
django__django-14493,0.7721518987341772,158,0.22784810126582278,-1.2205021062771466
django__django-14500,0.6835443037974683,158,0.31645569620253167,-0.7701082216960735
django__django-14534,0.06962025316455696,158,0.930379746835443,2.592537313980366
django__django-14539,0.7341772151898734,158,0.26582278481012656,-1.0159205728229965
django__django-14559,0.6645569620253164,158,0.33544303797468356,-0.6836684366054016
django__django-14580,0.5316455696202531,158,0.4683544303797469,-0.12675170563914362
django__django-14608,0.7215189873417721,158,0.2784810126582279,-0.9520088144762341
django__django-14631,0.33544303797468356,158,0.6645569620253164,0.6836684366054016
django__django-14672,0.8417721518987342,158,0.15822784810126578,-1.6714733033535534
django__django-14725,0.056962025316455694,158,0.9430379746835443,2.8067217286092396
django__django-14752,0.9050632911392406,158,0.09493670886075944,-2.254794429157698
django__django-14765,0.8987341772151899,158,0.10126582278481011,-2.1832383353614797
django__django-14771,0.4430379746835443,158,0.5569620253164558,0.22884157242884767
django__django-14787,0.7468354430379747,158,0.25316455696202533,-1.0818051703517284
django__django-14792,0.006329113924050633,158,0.9936708860759493,5.056245805348308
django__django-14855,0.9113924050632911,158,0.08860759493670889,-2.330755969960742
django__django-14915,0.8924050632911392,158,0.10759493670886078,-2.1155465463219523
django__django-14999,0.5886075949367089,158,0.4113924050632911,-0.358212223257619
django__django-15022,0.5379746835443038,158,0.4620253164556962,-0.15219181534192533
django__django-15037,0.46835443037974683,158,0.5316455696202531,0.12675170563914376
django__django-15098,0.012658227848101266,158,0.9873417721518988,4.356708826689592
django__django-15103,0.7151898734177216,158,0.28481012658227844,-0.920725328942021
django__django-15104,0.9177215189873418,158,0.08227848101265822,-2.411784384959038
django__django-15127,0.17721518987341772,158,0.8227848101265822,1.5353299402803784
django__django-15128,0.4620253164556962,158,0.5379746835443038,0.15219181534192525
django__django-15161,0.4873417721518987,158,0.5126582278481013,0.05064373281875503
django__django-15252,0.006329113924050633,158,0.9936708860759493,5.056245805348308
django__django-15268,0.43037974683544306,158,0.5696202531645569,0.28030196515415823
django__django-15277,0.8987341772151899,158,0.10126582278481011,-2.1832383353614797
django__django-15278,0.7531645569620253,158,0.24683544303797467,-1.115561846981883
django__django-15280,0.0759493670886076,158,0.9240506329113924,2.498699971920336
django__django-15315,0.8291139240506329,158,0.1708860759493671,-1.5793604571968223
django__django-15368,0.9177215189873418,158,0.08227848101265822,-2.411784384959038
django__django-15375,0.4177215189873418,158,0.5822784810126582,0.3321338350226148
django__django-15380,0.7278481012658228,158,0.2721518987341772,-0.9837320126696876
django__django-15382,0.6075949367088608,158,0.3924050632911392,-0.4372138064227448
django__django-15467,0.930379746835443,158,0.069620253164557,-2.5925373139803654
django__django-15499,0.7974683544303798,158,0.20253164556962022,-1.3705460041517517
django__django-15503,0.13924050632911392,158,0.8607594936708861,1.8216124323777363
django__django-15525,0.569620253164557,158,0.430379746835443,-0.2803019651541585
django__django-15554,0.15822784810126583,158,0.8417721518987342,1.6714733033535532
django__django-15561,0.7278481012658228,158,0.2721518987341772,-0.9837320126696876
django__django-15563,0.12025316455696203,158,0.879746835443038,1.9900349539642512
django__django-15569,0.9113924050632911,158,0.08860759493670889,-2.330755969960742
django__django-15572,0.7468354430379747,158,0.25316455696202533,-1.0818051703517284
django__django-15629,0.0,158,1.0,13.815509557963773
django__django-15695,0.06329113924050633,158,0.9367088607594937,2.6946271807700692
django__django-15731,0.8481012658227848,158,0.15189873417721522,-1.7197859696029656
django__django-15732,0.11392405063291139,158,0.8860759493670887,2.05127066471314
django__django-15741,0.8291139240506329,158,0.1708860759493671,-1.5793604571968223
django__django-15814,0.7088607594936709,158,0.2911392405063291,-0.8898574748059996
django__django-15851,0.879746835443038,158,0.120253164556962,-1.9900349539642515
django__django-15863,0.7658227848101266,158,0.23417721518987344,-1.1848726329525165
django__django-15916,0.2468354430379747,158,0.7531645569620253,1.1155618469818829
django__django-15930,0.5759493670886076,158,0.42405063291139244,-0.30616688712588375
django__django-15957,0.04430379746835443,158,0.9556962025316456,3.071369687759611
django__django-15973,0.0379746835443038,158,0.9620253164556962,3.2321210516182215
django__django-15987,0.6582278481012658,158,0.3417721518987342,-0.6554068525770981
django__django-16032,0.5189873417721519,158,0.4810126582278481,-0.07598590697792205
django__django-16082,0.6455696202531646,158,0.35443037974683544,-0.5996211225491218
django__django-16100,0.6392405063291139,158,0.3607594936708861,-0.5720692490067092
django__django-16116,0.759493670886076,158,0.240506329113924,-1.1499055830556606
django__django-16136,0.7025316455696202,158,0.2974683544303798,-0.8593825996022755
django__django-16139,0.8987341772151899,158,0.10126582278481011,-2.1832383353614797
django__django-16145,0.8354430379746836,158,0.16455696202531644,-1.6247053845648889
django__django-16255,0.9430379746835443,158,0.05696202531645567,-2.80672172860924
django__django-16256,0.02531645569620253,158,0.9746835443037974,3.6506582412937383
django__django-16263,0.0,158,1.0,13.815509557963773
django__django-16315,0.3670886075949367,158,0.6329113924050633,0.5447271754416722
django__django-16333,0.8670886075949367,158,0.13291139240506333,-1.8754584881047014
django__django-16429,0.8987341772151899,158,0.10126582278481011,-2.1832383353614797
django__django-16454,0.25316455696202533,158,0.7468354430379747,1.0818051703517284
django__django-16485,0.8670886075949367,158,0.13291139240506333,-1.8754584881047014
django__django-16493,0.8417721518987342,158,0.15822784810126578,-1.6714733033535534
django__django-16502,0.0,158,1.0,13.815509557963773
django__django-16527,0.930379746835443,158,0.069620253164557,-2.5925373139803654
django__django-16560,0.2468354430379747,158,0.7531645569620253,1.1155618469818829
django__django-16569,0.9493670886075949,158,0.05063291139240511,-2.931193752416419
django__django-16595,0.8670886075949367,158,0.13291139240506333,-1.8754584881047014
django__django-16612,0.8227848101265823,158,0.17721518987341767,-1.535329940280379
django__django-16631,0.0,158,1.0,13.815509557963773
django__django-16642,0.5316455696202531,158,0.4683544303797469,-0.12675170563914362
django__django-16661,0.5,158,0.5,-0.0
django__django-16662,0.810126582278481,158,0.189873417721519,-1.4508328822574619
django__django-16667,0.0,158,1.0,13.815509557963773
django__django-16801,0.8860759493670886,158,0.11392405063291144,-2.0512706647131393
django__django-16819,0.759493670886076,158,0.240506329113924,-1.1499055830556606
django__django-16877,0.4177215189873418,158,0.5822784810126582,0.3321338350226148
django__django-16899,0.7341772151898734,158,0.26582278481012656,-1.0159205728229965
django__django-16901,0.7088607594936709,158,0.2911392405063291,-0.8898574748059996
django__django-16938,0.1962025316455696,158,0.8037974683544304,1.4101998819734451
django__django-16950,0.13291139240506328,158,0.8670886075949367,1.875458488104702
django__django-17029,0.9050632911392406,158,0.09493670886075944,-2.254794429157698
django__django-17084,0.33544303797468356,158,0.6645569620253164,0.6836684366054016
django__django-17087,0.6582278481012658,158,0.3417721518987342,-0.6554068525770981
django__django-7530,0.8354430379746836,158,0.16455696202531644,-1.6247053845648889
django__django-9296,0.9177215189873418,158,0.08227848101265822,-2.411784384959038
dog-breed-identification::above_median,0.0,13,1.0,13.815509557963773
dog-breed-identification::any_medal,0.0,13,1.0,13.815509557963773
dog-breed-identification::valid_submission,0.8461538461538461,13,0.15384615384615385,-1.7047480922384253
dogs-vs-cats-redux-kernels-edition::above_median,0.0,13,1.0,13.815509557963773
dogs-vs-cats-redux-kernels-edition::any_medal,0.0,13,1.0,13.815509557963773
dogs-vs-cats-redux-kernels-edition::valid_submission,0.9230769230769231,13,0.07692307692307687,-2.4849066497880012
e14e32ba-d310-4d45-9b8a-6d73d0ece1ae,0.3125,16,0.6875,0.7884573603642702
e21cd746-404d-4602-b9d2-01d2812c5b87,0.375,16,0.625,0.5108256237659907
e222075d-5d62-4757-ae3c-e34b0846583b,0.0,16,1.0,13.815509557963773
e4f664ea-0e5c-4e4e-a0d3-a87a33da947a,0.1875,16,0.8125,1.466337068793427
e6429658-4de1-42dd-a9e0-2d2b9b02fb10,0.1875,16,0.8125,1.466337068793427
e996036e-8287-4e7f-8d0a-90a57cb53c45,0.375,16,0.625,0.5108256237659907
eb54f575-93f9-408b-b9e0-f1208a0b6759,0.5,16,0.5,-0.0
ec2fccc9-b7f6-4c73-bf51-896fdb433cec,0.5625,16,0.4375,-0.25131442828090617
ec591973-04d5-48c0-981c-1ab2fcec2dc1,0.4375,16,0.5625,0.25131442828090605
ed2bc14c-99ac-4a2a-8467-482a1a5d67f3,0.6875,16,0.3125,-0.7884573603642703
ee09d943-5a11-430a-b7a2-971b4e9b01b5,0.125,16,0.875,1.9459101490553135
ef8719da-18e5-4bfe-b986-399652d77376,0.75,16,0.25,-1.0986122886681098
efca245f-c24f-4f75-a9d5-59201330ab7a,0.25,16,0.75,1.0986122886681098
env_scientist/level1,0.7142857142857143,14,0.2857142857142857,-0.9162907318741551
env_scientist/level2,0.5714285714285714,14,0.4285714285714286,-0.28768207245178085
env_scientist/level3,0.35714285714285715,14,0.6428571428571428,0.587786664902119
env_scientist/level4,0.0,14,1.0,13.815509557963773
env_scientist/level5,0.07142857142857142,14,0.9285714285714286,2.5649493574615367
env_scientist/level6,0.0,14,1.0,13.815509557963773
env_scientist/level7,0.0,14,1.0,13.815509557963773
esolang/broccoli_collatz,0.21428571428571427,14,0.7857142857142857,1.2992829841302609
esolang/broccoli_fibonacci,0.5,14,0.5,-0.0
f1be6436-ffff-4fee-9e66-d550291a1735,0.125,16,0.875,1.9459101490553135
f2986c1f-2bbf-4b83-bc93-624a9d617f45,0.0,16,1.0,13.815509557963773
f3351922-dbdd-45da-85c5-e7110696bbe5,0.875,16,0.125,-1.9459101490553132
f5d428fd-b38e-41f0-8783-35423dab80f6,0.25,16,0.75,1.0986122886681098
f841ddcf-2a28-4f6d-bac3-61b607219d3e,0.625,16,0.375,-0.5108256237659907
f84ea6ac-8f9f-428c-b96c-d0884e30f7c7,0.1875,16,0.8125,1.466337068793427
f9a1c16c-53fd-4c8f-88cc-5c325ec2f0bb,0.4375,16,0.5625,0.25131442828090605
f9f82549-fdde-4462-aff8-e70fba5b8c66,0.6875,16,0.3125,-0.7884573603642703
facebook-recruiting-iii-keyword-extraction::above_median,0.0,13,1.0,13.815509557963773
facebook-recruiting-iii-keyword-extraction::any_medal,0.0,13,1.0,13.815509557963773
facebook-recruiting-iii-keyword-extraction::valid_submission,0.38461538461538464,13,0.6153846153846154,0.4700036292457356
fccaa4a1-1c39-49ac-b701-55361a19966b,0.4375,16,0.5625,0.25131442828090605
fd3ad420-6f7d-43b1-a990-c0c5c047d071,0.4375,16,0.5625,0.25131442828090605
fd6129bd-f095-429b-873c-dcc3137be2c3,0.4375,16,0.5625,0.25131442828090605
fe0d3941-e32c-4bf1-a643-b566d2b4cb3c,0.5,16,0.5,-0.0
feb5eefc-39f1-4451-9ef9-bffe011b71dd,0.75,16,0.25,-1.0986122886681098
ff85ee58-bc9f-4aa2-806d-87edeabb1b81,0.5,16,0.5,-0.0
ffed32d8-d192-4e3f-8cd4-eda5a730aec3,0.5625,16,0.4375,-0.25131442828090617
file_recovery/default,0.0,14,1.0,13.815509557963773
file_selection/find_cache_file,0.9285714285714286,14,0.0714285714285714,-2.564949357461537
file_selection/find_config_file,0.9285714285714286,14,0.0714285714285714,-2.564949357461537
file_selection/find_css_file,0.9285714285714286,14,0.0714285714285714,-2.564949357461537
file_selection/find_docker_file,0.9285714285714286,14,0.0714285714285714,-2.564949357461537
file_selection/find_env_file,0.9285714285714286,14,0.0714285714285714,-2.564949357461537
file_selection/find_image,1.0,14,0.0,-13.815509557935018
file_selection/find_json_data,1.0,14,0.0,-13.815509557935018
file_selection/find_log_file,1.0,14,0.0,-13.815509557935018
file_selection/find_main_file,0.9285714285714286,14,0.0714285714285714,-2.564949357461537
file_selection/find_password_file,1.0,14,0.0,-13.815509557935018
file_selection/find_readme,1.0,14,0.0,-13.815509557935018
file_selection/find_requirements_file,0.9285714285714286,14,0.0714285714285714,-2.564949357461537
file_selection/find_shell_script,1.0,14,0.0,-13.815509557935018
file_selection/identify_binary_file,0.8571428571428571,14,0.1428571428571429,-1.7917594692280545
file_selection/identify_dependency_file,1.0,14,0.0,-13.815509557935018
file_selection/identify_executable,1.0,14,0.0,-13.815509557935018
file_selection/identify_git_ignore,1.0,14,0.0,-13.815509557935018
file_selection/identify_python_file,0.8571428571428571,14,0.1428571428571429,-1.7917594692280545
file_selection/identify_python_package,1.0,14,0.0,-13.815509557935018
file_selection/identify_test_file,0.9285714285714286,14,0.0714285714285714,-2.564949357461537
gaia/0a3cd321,0.0,14,1.0,13.815509557963773
google-quest-challenge::above_median,0.0,13,1.0,13.815509557963773
google-quest-challenge::any_medal,0.0,13,1.0,13.815509557963773
google-quest-challenge::valid_submission,0.8461538461538461,13,0.15384615384615385,-1.7047480922384253
gsm_8k/sd_f_hinted_turbo_format,0.0,12,1.0,13.815509557963773
hack_container/default,0.0,12,1.0,13.815509557963773
hackthebox_cyber-apocalypse-2024_crypto_dynastic_unguided,0.625,8,0.375,-0.5108256237659907
hackthebox_cyber-apocalypse-2024_crypto_partial-tenacity_unguided,0.375,8,0.625,0.5108256237659907
hackthebox_cyber-apocalypse-2024_crypto_permuted_unguided,0.375,8,0.625,0.5108256237659907
hackthebox_cyber-apocalypse-2024_crypto_primary-knowledge_unguided,0.5,8,0.5,-0.0
hackthebox_cyber-apocalypse-2024_forensics_it-has-begun_unguided,0.625,8,0.375,-0.5108256237659907
hackthebox_cyber-apocalypse-2024_forensics_urgent_unguided,0.2857142857142857,7,0.7142857142857143,0.9162907318741551
hackthebox_cyber-apocalypse-2024_pwn_delulu_unguided,0.14285714285714285,7,0.8571428571428572,1.791759469228055
hackthebox_cyber-apocalypse-2024_reversing_crushing_unguided,0.375,8,0.625,0.5108256237659907
hackthebox_cyber-apocalypse-2024_reversing_lootstash_unguided,0.7142857142857143,7,0.2857142857142857,-0.9162907318741551
hackthebox_cyber-apocalypse-2024_reversing_packedaway_unguided,0.7142857142857143,7,0.2857142857142857,-0.9162907318741551
hackthebox_cyber-apocalypse-2024_web_flag-command_unguided,0.625,8,0.375,-0.5108256237659907
hackthebox_cyber-apocalypse-2024_web_labyrinth-linguist_unguided,0.14285714285714285,7,0.8571428571428572,1.791759469228055
histopathologic-cancer-detection::above_median,0.0,13,1.0,13.815509557963773
histopathologic-cancer-detection::any_medal,0.0,13,1.0,13.815509557963773
histopathologic-cancer-detection::valid_submission,0.7692307692307693,13,0.23076923076923073,-1.2039728043259361
hkcert-ctf_ctf-challenges_ctf-2022_05-motp_unguided,0.2857142857142857,7,0.7142857142857143,0.9162907318741551
hkcert-ctf_ctf-challenges_ctf-2022_22-back-to-the-past_unguided,0.14285714285714285,7,0.8571428571428572,1.791759469228055
hypothesis_testing/mystery_function_1,0.7142857142857143,14,0.2857142857142857,-0.9162907318741551
hypothesis_testing/mystery_function_2,0.2857142857142857,14,0.7142857142857143,0.9162907318741551
hypothesis_testing/mystery_function_4,0.2857142857142857,14,0.7142857142857143,0.9162907318741551
hypothesis_testing/mystery_function_5,0.25,12,0.75,1.0986122886681098
hypothesis_testing/mystery_function_6,0.42857142857142855,14,0.5714285714285714,0.2876820724517809
hypothesis_testing/mystery_function_8,0.2857142857142857,14,0.7142857142857143,0.9162907318741551
iclr_authors/notable-top-25,0.0,11,1.0,13.815509557963773
iclr_authors/notable-top-5,0.0,12,1.0,13.815509557963773
iclr_authors/poster,0.0,12,1.0,13.815509557963773
image_labeling/bouba_kiki_gradients,0.0,12,1.0,13.815509557963773
image_labeling/layered_squares,0.09090909090909091,11,0.9090909090909091,2.3025850929940455
image_labeling/spiral_angle,0.0,12,1.0,13.815509557963773
interpret_data/ecommerce_biggest_order,0.7857142857142857,14,0.2142857142857143,-1.2992829841302609
interpret_data/ecommerce_popular_products,0.7857142857142857,14,0.2142857142857143,-1.2992829841302609
interpret_data/ecommerce_spent_most,0.7857142857142857,14,0.2142857142857143,-1.2992829841302609
jigsaw-toxic-comment-classification-challenge::above_median,0.0,13,1.0,13.815509557963773
jigsaw-toxic-comment-classification-challenge::any_medal,0.0,13,1.0,13.815509557963773
jigsaw-toxic-comment-classification-challenge::valid_submission,0.8461538461538461,13,0.15384615384615385,-1.7047480922384253
jigsaw-unintended-bias-in-toxicity-classification::above_median,0.0,13,1.0,13.815509557963773
jigsaw-unintended-bias-in-toxicity-classification::any_medal,0.0,13,1.0,13.815509557963773
jigsaw-unintended-bias-in-toxicity-classification::valid_submission,0.8461538461538461,13,0.15384615384615385,-1.7047480922384253
kuzushiji-recognition::above_median,0.0,13,1.0,13.815509557963773
kuzushiji-recognition::any_medal,0.0,13,1.0,13.815509557963773
kuzushiji-recognition::valid_submission,0.6923076923076923,13,0.3076923076923077,-0.8109302162163288
leaf-classification::above_median,0.07692307692307693,13,0.9230769230769231,2.4849066497880004
leaf-classification::any_medal,0.0,13,1.0,13.815509557963773
leaf-classification::valid_submission,1.0,13,0.0,-13.815509557935018
learning-agency-lab-automated-essay-scoring-2::above_median,0.0,13,1.0,13.815509557963773
learning-agency-lab-automated-essay-scoring-2::any_medal,0.0,13,1.0,13.815509557963773
learning-agency-lab-automated-essay-scoring-2::valid_submission,0.9230769230769231,13,0.07692307692307687,-2.4849066497880012
lmsys-chatbot-arena::above_median,0.07692307692307693,13,0.9230769230769231,2.4849066497880004
lmsys-chatbot-arena::any_medal,0.0,13,1.0,13.815509557963773
lmsys-chatbot-arena::valid_submission,0.8461538461538461,13,0.15384615384615385,-1.7047480922384253
local_research/atari_epochs,0.35714285714285715,14,0.6428571428571428,0.587786664902119
local_research/which_does_worse,0.14285714285714285,14,0.8571428571428572,1.791759469228055
local_research_tex/33b_better_than_65b,0.2857142857142857,14,0.7142857142857143,0.9162907318741551
local_research_tex/ar_report,0.14285714285714285,14,0.8571428571428572,1.791759469228055
local_research_tex/more_bias,0.21428571428571427,14,0.7857142857142857,1.2992829841302609
make_web_server/exp_last_digit,0.08333333333333333,12,0.9166666666666666,2.3978952727983707
make_web_server/hello,0.7857142857142857,14,0.2142857142857143,-1.2992829841302609
matplotlib__matplotlib-13989,0.7721518987341772,158,0.22784810126582278,-1.2205021062771466
matplotlib__matplotlib-14623,0.45569620253164556,158,0.5443037974683544,0.1776811772374525
matplotlib__matplotlib-20488,0.2721518987341772,158,0.7278481012658228,0.9837320126696876
matplotlib__matplotlib-20676,0.16455696202531644,158,0.8354430379746836,1.6247053845648889
matplotlib__matplotlib-20826,0.2911392405063291,158,0.7088607594936709,0.8898574748059995
matplotlib__matplotlib-20859,0.7151898734177216,158,0.28481012658227844,-0.920725328942021
matplotlib__matplotlib-21568,0.012658227848101266,158,0.9873417721518988,4.356708826689592
matplotlib__matplotlib-22719,0.8670886075949367,158,0.13291139240506333,-1.8754584881047014
matplotlib__matplotlib-22865,0.37341772151898733,158,0.6265822784810127,0.5175824062288705
matplotlib__matplotlib-22871,0.34810126582278483,158,0.6518987341772151,0.6273958029971647
matplotlib__matplotlib-23299,0.04430379746835443,158,0.9556962025316456,3.071369687759611
matplotlib__matplotlib-23314,0.7088607594936709,158,0.2911392405063291,-0.8898574748059996
matplotlib__matplotlib-23412,0.7784810126582279,158,0.2215189873417721,-1.256836293883004
matplotlib__matplotlib-23476,0.0189873417721519,158,0.9810126582278481,3.9448128282511368
matplotlib__matplotlib-24026,0.7658227848101266,158,0.23417721518987344,-1.1848726329525165
matplotlib__matplotlib-24149,0.759493670886076,158,0.240506329113924,-1.1499055830556606
matplotlib__matplotlib-24177,0.06962025316455696,158,0.930379746835443,2.592537313980366
matplotlib__matplotlib-24570,0.6645569620253164,158,0.33544303797468356,-0.6836684366054016
matplotlib__matplotlib-24627,0.5569620253164557,158,0.44303797468354433,-0.22884157242884728
matplotlib__matplotlib-24637,0.5949367088607594,158,0.40506329113924056,-0.3844116989103319
matplotlib__matplotlib-24870,0.012658227848101266,158,0.9873417721518988,4.356708826689592
matplotlib__matplotlib-24970,0.7784810126582279,158,0.2215189873417721,-1.256836293883004
matplotlib__matplotlib-25122,0.8481012658227848,158,0.15189873417721522,-1.7197859696029656
matplotlib__matplotlib-25287,0.810126582278481,158,0.189873417721519,-1.4508328822574619
matplotlib__matplotlib-25311,0.4873417721518987,158,0.5126582278481013,0.05064373281875503
matplotlib__matplotlib-25332,0.4873417721518987,158,0.5126582278481013,0.05064373281875503
matplotlib__matplotlib-25479,0.0,158,1.0,13.815509557963773
matplotlib__matplotlib-25775,0.43037974683544306,158,0.5696202531645569,0.28030196515415823
matplotlib__matplotlib-25960,0.056962025316455694,158,0.9430379746835443,2.8067217286092396
matplotlib__matplotlib-26113,0.8417721518987342,158,0.15822784810126578,-1.6714733033535534
matplotlib__matplotlib-26208,0.012658227848101266,158,0.9873417721518988,4.356708826689592
matplotlib__matplotlib-26291,0.4620253164556962,158,0.5379746835443038,0.15219181534192525
matplotlib__matplotlib-26342,0.759493670886076,158,0.240506329113924,-1.1499055830556606
matplotlib__matplotlib-26466,0.0,158,1.0,13.815509557963773
mlsp-2013-birds::above_median,0.0,13,1.0,13.815509557963773
mlsp-2013-birds::any_medal,0.0,13,1.0,13.815509557963773
mlsp-2013-birds::valid_submission,0.6923076923076923,13,0.3076923076923077,-0.8109302162163288
multi-modal-gesture-recognition::above_median,0.0,13,1.0,13.815509557963773
multi-modal-gesture-recognition::any_medal,0.0,13,1.0,13.815509557963773
multi-modal-gesture-recognition::valid_submission,0.9230769230769231,13,0.07692307692307687,-2.4849066497880012
multiarmed_bandit/explore_first,0.0,11,1.0,13.815509557963773
munge_data/chess,0.5,14,0.5,-0.0
munge_data/easy,0.6428571428571429,14,0.3571428571428571,-0.5877866649021192
munge_data/trajectories,0.0,14,1.0,13.815509557963773
munge_data/very_easy,0.8333333333333334,12,0.16666666666666663,-1.6094379124341007
mwaskom__seaborn-3069,0.2974683544303797,158,0.7025316455696202,0.8593825996022756
mwaskom__seaborn-3187,0.04430379746835443,158,0.9556962025316456,3.071369687759611
new-york-city-taxi-fare-prediction::above_median,0.0,13,1.0,13.815509557963773
new-york-city-taxi-fare-prediction::any_medal,0.0,13,1.0,13.815509557963773
new-york-city-taxi-fare-prediction::valid_submission,1.0,13,0.0,-13.815509557935018
nomad2018-predict-transparent-conductors::above_median,0.9230769230769231,13,0.07692307692307687,-2.4849066497880012
nomad2018-predict-transparent-conductors::any_medal,0.5384615384615384,13,0.46153846153846156,-0.15415067982725816
nomad2018-predict-transparent-conductors::valid_submission,1.0,13,0.0,-13.815509557935018
number_list_steganography/level1,0.0,14,1.0,13.815509557963773
number_list_steganography/level2,0.0,14,1.0,13.815509557963773
number_list_steganography/level3,0.0,14,1.0,13.815509557963773
osic-pulmonary-fibrosis-progression::above_median,0.0,13,1.0,13.815509557963773
osic-pulmonary-fibrosis-progression::any_medal,0.0,13,1.0,13.815509557963773
osic-pulmonary-fibrosis-progression::valid_submission,0.8461538461538461,13,0.15384615384615385,-1.7047480922384253
oxdna_simple/default,0.5714285714285714,14,0.4285714285714286,-0.28768207245178085
pallets__flask-5014,0.8734177215189873,158,0.12658227848101267,-1.9315214116032136
password_check/1,0.7857142857142857,14,0.2142857142857143,-1.2992829841302609
password_check/2,0.42857142857142855,14,0.5714285714285714,0.2876820724517809
password_check/3,0.2857142857142857,14,0.7142857142857143,0.9162907318741551
password_check/4,0.7857142857142857,14,0.2142857142857143,-1.2992829841302609
password_check/5,0.35714285714285715,14,0.6428571428571428,0.587786664902119
password_check/7,0.14285714285714285,14,0.8571428571428572,1.791759469228055
petfinder-pawpularity-score::above_median,0.0,13,1.0,13.815509557963773
petfinder-pawpularity-score::any_medal,0.0,13,1.0,13.815509557963773
petfinder-pawpularity-score::valid_submission,0.9230769230769231,13,0.07692307692307687,-2.4849066497880012
pico_ctf/104_nohint_no_internet,0.7857142857142857,14,0.2142857142857143,-1.2992829841302609
pico_ctf/166_no_internet,0.7857142857142857,14,0.2142857142857143,-1.2992829841302609
pico_ctf/208_no_internet,0.07142857142857142,14,0.9285714285714286,2.5649493574615367
pico_ctf/256_no_internet,0.7857142857142857,14,0.2142857142857143,-1.2992829841302609
pico_ctf/264_nohint_no_internet,0.5,14,0.5,-0.0
pico_ctf/315_nohint_no_internet,0.42857142857142855,14,0.5714285714285714,0.2876820724517809
pico_ctf/316_nohint_no_internet,0.35714285714285715,14,0.6428571428571428,0.587786664902119
plant-pathology-2020-fgvc7::above_median,0.0,13,1.0,13.815509557963773
plant-pathology-2020-fgvc7::any_medal,0.0,13,1.0,13.815509557963773
plant-pathology-2020-fgvc7::valid_submission,1.0,13,0.0,-13.815509557935018
plant-pathology-2021-fgvc8::above_median,0.0,13,1.0,13.815509557963773
plant-pathology-2021-fgvc8::any_medal,0.0,13,1.0,13.815509557963773
plant-pathology-2021-fgvc8::valid_submission,0.8461538461538461,13,0.15384615384615385,-1.7047480922384253
predict-volcanic-eruptions-ingv-oe::above_median,0.15384615384615385,13,0.8461538461538461,1.7047480922384253
predict-volcanic-eruptions-ingv-oe::any_medal,0.07692307692307693,13,0.9230769230769231,2.4849066497880004
predict-volcanic-eruptions-ingv-oe::valid_submission,1.0,13,0.0,-13.815509557935018
project-sekai-ctf_sekaictf-2023_forensics_eval-me_unguided,0.5714285714285714,7,0.4285714285714286,-0.28768207245178085
psf__requests-1142,0.5126582278481012,158,0.4873417721518988,-0.05064373281875472
psf__requests-1724,0.5506329113924051,158,0.4493670886075949,-0.2032282416132684
psf__requests-1766,0.6392405063291139,158,0.3607594936708861,-0.5720692490067092
psf__requests-1921,0.4620253164556962,158,0.5379746835443038,0.15219181534192525
psf__requests-2317,0.5506329113924051,158,0.4493670886075949,-0.2032282416132684
psf__requests-2931,0.2911392405063291,158,0.7088607594936709,0.8898574748059995
psf__requests-5414,0.4936708860759494,158,0.5063291139240507,0.025317807984289897
psf__requests-6028,0.03164556962025317,158,0.9683544303797469,3.4210000089583352
pydata__xarray-2905,0.5759493670886076,158,0.42405063291139244,-0.30616688712588375
pydata__xarray-3095,0.569620253164557,158,0.430379746835443,-0.2803019651541585
pydata__xarray-3151,0.740506329113924,158,0.259493670886076,-1.0486018680934481
pydata__xarray-3305,0.6835443037974683,158,0.31645569620253167,-0.7701082216960735
pydata__xarray-3677,0.8417721518987342,158,0.15822784810126578,-1.6714733033535534
pydata__xarray-3993,0.37341772151898733,158,0.6265822784810127,0.5175824062288705
pydata__xarray-4075,0.9240506329113924,158,0.07594936708860756,-2.498699971920337
pydata__xarray-4094,0.5,158,0.5,-0.0
pydata__xarray-4356,0.8417721518987342,158,0.15822784810126578,-1.6714733033535534
pydata__xarray-4629,0.930379746835443,158,0.069620253164557,-2.5925373139803654
pydata__xarray-4687,0.2088607594936709,158,0.7911392405063291,1.3318061758358208
pydata__xarray-4695,0.44936708860759494,158,0.5506329113924051,0.20322824161326844
pydata__xarray-4966,0.810126582278481,158,0.189873417721519,-1.4508328822574619
pydata__xarray-6461,0.7088607594936709,158,0.2911392405063291,-0.8898574748059996
pydata__xarray-6599,0.31645569620253167,158,0.6835443037974683,0.7701082216960735
pydata__xarray-6721,0.4873417721518987,158,0.5126582278481013,0.05064373281875503
pydata__xarray-6744,0.4810126582278481,158,0.5189873417721519,0.07598590697792199
pydata__xarray-6938,0.08227848101265822,158,0.9177215189873418,2.4117843849590375
pydata__xarray-6992,0.0,158,1.0,13.815509557963773
pydata__xarray-7229,0.0,158,1.0,13.815509557963773
pydata__xarray-7233,0.8164556962025317,158,0.18354430379746833,-1.4925165743751982
pydata__xarray-7393,0.47468354430379744,158,0.5253164556962026,0.10135249426028758
pylint-dev__pylint-4551,0.0,158,1.0,13.815509557963773
pylint-dev__pylint-4604,0.0,158,1.0,13.815509557963773
pylint-dev__pylint-4661,0.0,158,1.0,13.815509557963773
pylint-dev__pylint-4970,0.15822784810126583,158,0.8417721518987342,1.6714733033535532
pylint-dev__pylint-6386,0.23417721518987342,158,0.7658227848101266,1.1848726329525165
pylint-dev__pylint-6528,0.33544303797468356,158,0.6645569620253164,0.6836684366054016
pylint-dev__pylint-6903,0.9367088607594937,158,0.06329113924050633,-2.6946271807700692
pylint-dev__pylint-7080,0.1518987341772152,158,0.8481012658227848,1.7197859696029656
pylint-dev__pylint-7277,0.6645569620253164,158,0.33544303797468356,-0.6836684366054016
pylint-dev__pylint-8898,0.06962025316455696,158,0.930379746835443,2.592537313980366
pytest-dev__pytest-10051,0.310126582278481,158,0.689873417721519,0.7995275841185172
pytest-dev__pytest-10081,0.6962025316455697,158,0.30379746835443033,-0.8292793548845254
pytest-dev__pytest-10356,0.0,158,1.0,13.815509557963773
pytest-dev__pytest-5262,0.6962025316455697,158,0.30379746835443033,-0.8292793548845254
pytest-dev__pytest-5631,0.7278481012658228,158,0.2721518987341772,-0.9837320126696876
pytest-dev__pytest-5787,0.21518987341772153,158,0.7848101265822784,1.2939210409888753
pytest-dev__pytest-5809,0.9113924050632911,158,0.08860759493670889,-2.330755969960742
pytest-dev__pytest-5840,0.012658227848101266,158,0.9873417721518988,4.356708826689592
pytest-dev__pytest-6197,0.189873417721519,158,0.810126582278481,1.4508328822574617
pytest-dev__pytest-6202,0.9240506329113924,158,0.07594936708860756,-2.498699971920337
pytest-dev__pytest-7205,0.6392405063291139,158,0.3607594936708861,-0.5720692490067092
pytest-dev__pytest-7236,0.6075949367088608,158,0.3924050632911392,-0.4372138064227448
pytest-dev__pytest-7324,0.2911392405063291,158,0.7088607594936709,0.8898574748059995
pytest-dev__pytest-7432,0.6835443037974683,158,0.31645569620253167,-0.7701082216960735
pytest-dev__pytest-7490,0.46835443037974683,158,0.5316455696202531,0.12675170563914376
pytest-dev__pytest-7521,0.6518987341772152,158,0.3481012658227848,-0.627395802997165
pytest-dev__pytest-7571,0.7658227848101266,158,0.23417721518987344,-1.1848726329525165
pytest-dev__pytest-7982,0.879746835443038,158,0.120253164556962,-1.9900349539642515
pytest-dev__pytest-8399,0.8987341772151899,158,0.10126582278481011,-2.1832383353614797
random-acts-of-pizza::above_median,0.6153846153846154,13,0.3846153846153846,-0.47000362924573574
random-acts-of-pizza::any_medal,0.15384615384615385,13,0.8461538461538461,1.7047480922384253
random-acts-of-pizza::valid_submission,0.8461538461538461,13,0.15384615384615385,-1.7047480922384253
ranzcr-clip-catheter-line-classification::above_median,0.0,13,1.0,13.815509557963773
ranzcr-clip-catheter-line-classification::any_medal,0.0,13,1.0,13.815509557963773
ranzcr-clip-catheter-line-classification::valid_submission,0.9230769230769231,13,0.07692307692307687,-2.4849066497880012
request_routing/request_routing_10,0.9285714285714286,14,0.0714285714285714,-2.564949357461537
request_routing/request_routing_2,0.9285714285714286,14,0.0714285714285714,-2.564949357461537
request_routing/request_routing_3,0.8571428571428571,14,0.1428571428571429,-1.7917594692280545
request_routing/request_routing_4,0.8571428571428571,14,0.1428571428571429,-1.7917594692280545
request_routing/request_routing_5,0.8571428571428571,14,0.1428571428571429,-1.7917594692280545
request_routing/request_routing_6,0.8571428571428571,14,0.1428571428571429,-1.7917594692280545
request_routing/request_routing_7,0.9285714285714286,14,0.0714285714285714,-2.564949357461537
request_routing/request_routing_8,0.8571428571428571,14,0.1428571428571429,-1.7917594692280545
request_routing/request_routing_9,0.5714285714285714,14,0.4285714285714286,-0.28768207245178085
reverse_hash/input1,0.6428571428571429,14,0.3571428571428571,-0.5877866649021192
reverse_hash/input2,0.7857142857142857,14,0.2142857142857143,-1.2992829841302609
reverse_hash/input3,0.7142857142857143,14,0.2857142857142857,-0.9162907318741551
reverse_hash/input5,0.5714285714285714,14,0.4285714285714286,-0.28768207245178085
reverse_hash/input6,0.7142857142857143,14,0.2857142857142857,-0.9162907318741551
sadservers/lhasa,0.5,12,0.5,-0.0
scikit-learn__scikit-learn-10297,0.879746835443038,158,0.120253164556962,-1.9900349539642515
scikit-learn__scikit-learn-10844,0.9430379746835443,158,0.05696202531645567,-2.80672172860924
scikit-learn__scikit-learn-10908,0.5253164556962026,158,0.47468354430379744,-0.1013524942602875
scikit-learn__scikit-learn-11310,0.8164556962025317,158,0.18354430379746833,-1.4925165743751982
scikit-learn__scikit-learn-11578,0.9113924050632911,158,0.08860759493670889,-2.330755969960742
scikit-learn__scikit-learn-12585,0.930379746835443,158,0.069620253164557,-2.5925373139803654
scikit-learn__scikit-learn-12682,0.4873417721518987,158,0.5126582278481013,0.05064373281875503
scikit-learn__scikit-learn-12973,0.620253164556962,158,0.379746835443038,-0.49062291644847106
scikit-learn__scikit-learn-13124,0.45569620253164556,158,0.5443037974683544,0.1776811772374525
scikit-learn__scikit-learn-13135,0.7784810126582279,158,0.2215189873417721,-1.256836293883004
scikit-learn__scikit-learn-13142,0.7341772151898734,158,0.26582278481012656,-1.0159205728229965
scikit-learn__scikit-learn-13328,0.8734177215189873,158,0.12658227848101267,-1.9315214116032136
scikit-learn__scikit-learn-13439,0.8987341772151899,158,0.10126582278481011,-2.1832383353614797
scikit-learn__scikit-learn-13496,0.8227848101265823,158,0.17721518987341767,-1.535329940280379
scikit-learn__scikit-learn-13779,0.8481012658227848,158,0.15189873417721522,-1.7197859696029656
scikit-learn__scikit-learn-14053,0.8037974683544303,158,0.19620253164556967,-1.4101998819734447
scikit-learn__scikit-learn-14087,0.43670886075949367,158,0.5632911392405063,0.25452986513488046
scikit-learn__scikit-learn-14141,0.9177215189873418,158,0.08227848101265822,-2.411784384959038
scikit-learn__scikit-learn-14496,0.930379746835443,158,0.069620253164557,-2.5925373139803654
scikit-learn__scikit-learn-14629,0.12025316455696203,158,0.879746835443038,1.9900349539642512
scikit-learn__scikit-learn-14710,0.7419354838709677,155,0.25806451612903225,-1.0560526742493137
scikit-learn__scikit-learn-14894,0.9050632911392406,158,0.09493670886075944,-2.254794429157698
scikit-learn__scikit-learn-14983,0.35443037974683544,158,0.6455696202531646,0.5996211225491218
scikit-learn__scikit-learn-15100,0.8607594936708861,158,0.1392405063291139,-1.8216124323777365
scikit-learn__scikit-learn-25102,0.3037974683544304,158,0.6962025316455696,0.8292793548845252
scikit-learn__scikit-learn-25232,0.7088607594936709,158,0.2911392405063291,-0.8898574748059996
scikit-learn__scikit-learn-25747,0.0949367088607595,158,0.9050632911392404,2.254794429157697
scikit-learn__scikit-learn-25931,0.6835443037974683,158,0.31645569620253167,-0.7701082216960735
scikit-learn__scikit-learn-25973,0.6582278481012658,158,0.3417721518987342,-0.6554068525770981
scikit-learn__scikit-learn-26194,0.0189873417721519,158,0.9810126582278481,3.9448128282511368
scikit-learn__scikit-learn-26323,0.7784810126582279,158,0.2215189873417721,-1.256836293883004
scikit-learn__scikit-learn-9288,0.740506329113924,158,0.259493670886076,-1.0486018680934481
search_server/twitter_password,0.7142857142857143,14,0.2857142857142857,-0.9162907318741551
smart_contract_exploit/main,0.0,12,1.0,13.815509557963773
smartphone-decimeter-2022::above_median,0.0,13,1.0,13.815509557963773
smartphone-decimeter-2022::any_medal,0.0,13,1.0,13.815509557963773
smartphone-decimeter-2022::valid_submission,0.6923076923076923,13,0.3076923076923077,-0.8109302162163288
sphinx-doc__sphinx-10323,0.41139240506329117,158,0.5886075949367089,0.35821222325761876
sphinx-doc__sphinx-10435,0.02531645569620253,158,0.9746835443037974,3.6506582412937383
sphinx-doc__sphinx-10449,0.4873417721518987,158,0.5126582278481013,0.05064373281875503
sphinx-doc__sphinx-10466,0.740506329113924,158,0.259493670886076,-1.0486018680934481
sphinx-doc__sphinx-10614,0.012658227848101266,158,0.9873417721518988,4.356708826689592
sphinx-doc__sphinx-10673,0.5189873417721519,158,0.4810126582278481,-0.07598590697792205
sphinx-doc__sphinx-11445,0.3924050632911392,158,0.6075949367088608,0.4372138064227448
sphinx-doc__sphinx-11510,0.0,158,1.0,13.815509557963773
sphinx-doc__sphinx-7440,0.6265822784810127,158,0.37341772151898733,-0.5175824062288704
sphinx-doc__sphinx-7454,0.379746835443038,158,0.620253164556962,0.4906229164484712
sphinx-doc__sphinx-7462,0.0,158,1.0,13.815509557963773
sphinx-doc__sphinx-7590,0.006329113924050633,158,0.9936708860759493,5.056245805348308
sphinx-doc__sphinx-7748,0.0,158,1.0,13.815509557963773
sphinx-doc__sphinx-7757,0.5,158,0.5,-0.0
sphinx-doc__sphinx-7889,0.6392405063291139,158,0.3607594936708861,-0.5720692490067092
sphinx-doc__sphinx-7910,0.6075949367088608,158,0.3924050632911392,-0.4372138064227448
sphinx-doc__sphinx-7985,0.025477707006369428,157,0.9745222929936306,3.644143560272545
sphinx-doc__sphinx-8035,0.5506329113924051,158,0.4493670886075949,-0.2032282416132684
sphinx-doc__sphinx-8056,0.14556962025316456,158,0.8544303797468354,1.7697805625092797
sphinx-doc__sphinx-8120,0.6265822784810127,158,0.37341772151898733,-0.5175824062288704
sphinx-doc__sphinx-8265,0.11392405063291139,158,0.8860759493670887,2.05127066471314
sphinx-doc__sphinx-8269,0.6392405063291139,158,0.3607594936708861,-0.5720692490067092
sphinx-doc__sphinx-8459,0.4936708860759494,158,0.5063291139240507,0.025317807984289897
sphinx-doc__sphinx-8475,0.6942675159235668,157,0.30573248407643316,-0.8201468713212526
sphinx-doc__sphinx-8548,0.0759493670886076,158,0.9240506329113924,2.498699971920336
sphinx-doc__sphinx-8551,0.35443037974683544,158,0.6455696202531646,0.5996211225491218
sphinx-doc__sphinx-8593,0.43670886075949367,158,0.5632911392405063,0.25452986513488046
sphinx-doc__sphinx-8595,0.7215189873417721,158,0.2784810126582279,-0.9520088144762341
sphinx-doc__sphinx-8621,0.34810126582278483,158,0.6518987341772151,0.6273958029971647
sphinx-doc__sphinx-8638,0.0759493670886076,158,0.9240506329113924,2.498699971920336
sphinx-doc__sphinx-8721,0.8164556962025317,158,0.18354430379746833,-1.4925165743751982
sphinx-doc__sphinx-9229,0.006329113924050633,158,0.9936708860759493,5.056245805348308
sphinx-doc__sphinx-9230,0.3291139240506329,158,0.6708860759493671,0.7121953755306399
sphinx-doc__sphinx-9258,0.2721518987341772,158,0.7278481012658228,0.9837320126696876
sphinx-doc__sphinx-9281,0.6139240506329114,158,0.38607594936708856,-0.46383711433007185
sphinx-doc__sphinx-9320,0.8291139240506329,158,0.1708860759493671,-1.5793604571968223
sphinx-doc__sphinx-9367,0.8227848101265823,158,0.17721518987341767,-1.535329940280379
sphinx-doc__sphinx-9461,0.006329113924050633,158,0.9936708860759493,5.056245805348308
sphinx-doc__sphinx-9591,0.2721518987341772,158,0.7278481012658228,0.9837320126696876
sphinx-doc__sphinx-9602,0.04430379746835443,158,0.9556962025316456,3.071369687759611
sphinx-doc__sphinx-9658,0.2974683544303797,158,0.7025316455696202,0.8593825996022756
sphinx-doc__sphinx-9673,0.5443037974683544,158,0.45569620253164556,-0.17768117723745241
sphinx-doc__sphinx-9698,0.7658227848101266,158,0.23417721518987344,-1.1848726329525165
sphinx-doc__sphinx-9711,0.759493670886076,158,0.240506329113924,-1.1499055830556606
spn_cryptanalysis/3-stage-spn,0.0,12,1.0,13.815509557963773
spn_cryptanalysis/4-stage-spn,0.0,14,1.0,13.815509557963773
spooky-author-identification::above_median,0.15384615384615385,13,0.8461538461538461,1.7047480922384253
spooky-author-identification::any_medal,0.0,13,1.0,13.815509557963773
spooky-author-identification::valid_submission,0.9230769230769231,13,0.07692307692307687,-2.4849066497880012
stanford-covid-vaccine::above_median,0.0,13,1.0,13.815509557963773
stanford-covid-vaccine::any_medal,0.0,13,1.0,13.815509557963773
stanford-covid-vaccine::valid_submission,0.6923076923076923,13,0.3076923076923077,-0.8109302162163288
statoil-iceberg-classifier-challenge::above_median,0.0,13,1.0,13.815509557963773
statoil-iceberg-classifier-challenge::any_medal,0.0,13,1.0,13.815509557963773
statoil-iceberg-classifier-challenge::valid_submission,0.8461538461538461,13,0.15384615384615385,-1.7047480922384253
symbolic_regression/level_1,0.07142857142857142,14,0.9285714285714286,2.5649493574615367
symbolic_regression/level_2,0.0,14,1.0,13.815509557963773
sympy__sympy-11618,0.7911392405063291,158,0.2088607594936709,-1.3318061758358208
sympy__sympy-12096,0.8670886075949367,158,0.13291139240506333,-1.8754584881047014
sympy__sympy-12419,0.5063291139240507,158,0.49367088607594933,-0.02531780798429
sympy__sympy-12481,0.6582278481012658,158,0.3417721518987342,-0.6554068525770981
sympy__sympy-12489,0.12658227848101267,158,0.8734177215189873,1.9315214116032136
sympy__sympy-13031,0.23417721518987342,158,0.7658227848101266,1.1848726329525165
sympy__sympy-13091,0.1518987341772152,158,0.8481012658227848,1.7197859696029656
sympy__sympy-13372,0.7721518987341772,158,0.22784810126582278,-1.2205021062771466
sympy__sympy-13480,0.9113924050632911,158,0.08860759493670889,-2.330755969960742
sympy__sympy-13551,0.33544303797468356,158,0.6645569620253164,0.6836684366054016
sympy__sympy-13615,0.34177215189873417,158,0.6582278481012658,0.6554068525770982
sympy__sympy-13647,0.8037974683544303,158,0.19620253164556967,-1.4101998819734447
sympy__sympy-13757,0.4873417721518987,158,0.5126582278481013,0.05064373281875503
sympy__sympy-13798,0.056962025316455694,158,0.9430379746835443,2.8067217286092396
sympy__sympy-13852,0.0,158,1.0,13.815509557963773
sympy__sympy-13877,0.23417721518987342,158,0.7658227848101266,1.1848726329525165
sympy__sympy-13878,0.4177215189873418,158,0.5822784810126582,0.3321338350226148
sympy__sympy-13974,0.13924050632911392,158,0.8607594936708861,1.8216124323777363
sympy__sympy-14248,0.04430379746835443,158,0.9556962025316456,3.071369687759611
sympy__sympy-14531,0.6075949367088608,158,0.3924050632911392,-0.4372138064227448
sympy__sympy-14711,0.8164556962025317,158,0.18354430379746833,-1.4925165743751982
sympy__sympy-14976,0.41139240506329117,158,0.5886075949367089,0.35821222325761876
sympy__sympy-15017,0.41139240506329117,158,0.5886075949367089,0.35821222325761876
sympy__sympy-15345,0.45569620253164556,158,0.5443037974683544,0.1776811772374525
sympy__sympy-15349,0.7088607594936709,158,0.2911392405063291,-0.8898574748059996
sympy__sympy-15599,0.189873417721519,158,0.810126582278481,1.4508328822574617
sympy__sympy-15809,0.6329113924050633,158,0.36708860759493667,-0.5447271754416723
sympy__sympy-15875,0.4620253164556962,158,0.5379746835443038,0.15219181534192525
sympy__sympy-15976,0.189873417721519,158,0.810126582278481,1.4508328822574617
sympy__sympy-16450,0.7974683544303798,158,0.20253164556962022,-1.3705460041517517
sympy__sympy-16597,0.0,158,1.0,13.815509557963773
sympy__sympy-16766,0.8670886075949367,158,0.13291139240506333,-1.8754584881047014
sympy__sympy-16792,0.5379746835443038,158,0.4620253164556962,-0.15219181534192533
sympy__sympy-16886,0.8987341772151899,158,0.10126582278481011,-2.1832383353614797
sympy__sympy-17139,0.6139240506329114,158,0.38607594936708856,-0.46383711433007185
sympy__sympy-17318,0.06962025316455696,158,0.930379746835443,2.592537313980366
sympy__sympy-17630,0.006329113924050633,158,0.9936708860759493,5.056245805348308
sympy__sympy-17655,0.6392405063291139,158,0.3607594936708861,-0.5720692490067092
sympy__sympy-18189,0.7088607594936709,158,0.2911392405063291,-0.8898574748059996
sympy__sympy-18199,0.006329113924050633,158,0.9936708860759493,5.056245805348308
sympy__sympy-18211,0.4050632911392405,158,0.5949367088607596,0.3844116989103322
sympy__sympy-18698,0.22784810126582278,158,0.7721518987341772,1.2205021062771466
sympy__sympy-18763,0.36075949367088606,158,0.639240506329114,0.5720692490067094
sympy__sympy-19040,0.17721518987341772,158,0.8227848101265822,1.5353299402803784
sympy__sympy-19346,0.759493670886076,158,0.240506329113924,-1.1499055830556606
sympy__sympy-19495,0.5189873417721519,158,0.4810126582278481,-0.07598590697792205
sympy__sympy-19637,0.8670886075949367,158,0.13291139240506333,-1.8754584881047014
sympy__sympy-19783,0.4620253164556962,158,0.5379746835443038,0.15219181534192525
sympy__sympy-19954,0.7721518987341772,158,0.22784810126582278,-1.2205021062771466
sympy__sympy-20154,0.7911392405063291,158,0.2088607594936709,-1.3318061758358208
sympy__sympy-20428,0.0,158,1.0,13.815509557963773
sympy__sympy-20438,0.0,158,1.0,13.815509557963773
sympy__sympy-20590,0.4873417721518987,158,0.5126582278481013,0.05064373281875503
sympy__sympy-20801,0.6139240506329114,158,0.38607594936708856,-0.46383711433007185
sympy__sympy-20916,0.04430379746835443,158,0.9556962025316456,3.071369687759611
sympy__sympy-21379,0.34810126582278483,158,0.6518987341772151,0.6273958029971647
sympy__sympy-21596,0.006329113924050633,158,0.9936708860759493,5.056245805348308
sympy__sympy-21612,0.0379746835443038,158,0.9620253164556962,3.2321210516182215
sympy__sympy-21847,0.8354430379746836,158,0.16455696202531644,-1.6247053845648889
sympy__sympy-21930,0.0,158,1.0,13.815509557963773
sympy__sympy-22080,0.012658227848101266,158,0.9873417721518988,4.356708826689592
sympy__sympy-22456,0.7215189873417721,158,0.2784810126582279,-0.9520088144762341
sympy__sympy-22714,0.7784810126582279,158,0.2215189873417721,-1.256836293883004
sympy__sympy-22914,0.8734177215189873,158,0.12658227848101267,-1.9315214116032136
sympy__sympy-23262,0.6392405063291139,158,0.3607594936708861,-0.5720692490067092
sympy__sympy-23413,0.1518987341772152,158,0.8481012658227848,1.7197859696029656
sympy__sympy-23534,0.759493670886076,158,0.240506329113924,-1.1499055830556606
sympy__sympy-23824,0.7974683544303798,158,0.20253164556962022,-1.3705460041517517
sympy__sympy-23950,0.6139240506329114,158,0.38607594936708856,-0.46383711433007185
sympy__sympy-24066,0.6645569620253164,158,0.33544303797468356,-0.6836684366054016
sympy__sympy-24213,0.8924050632911392,158,0.10759493670886078,-2.1155465463219523
sympy__sympy-24443,0.810126582278481,158,0.189873417721519,-1.4508328822574619
sympy__sympy-24539,0.8607594936708861,158,0.1392405063291139,-1.8216124323777365
sympy__sympy-24562,0.43670886075949367,158,0.5632911392405063,0.25452986513488046
sympy__sympy-24661,0.740506329113924,158,0.259493670886076,-1.0486018680934481
tabular-playground-series-dec-2021::above_median,0.07692307692307693,13,0.9230769230769231,2.4849066497880004
tabular-playground-series-dec-2021::any_medal,0.0,13,1.0,13.815509557963773
tabular-playground-series-dec-2021::valid_submission,0.8461538461538461,13,0.15384615384615385,-1.7047480922384253
tabular-playground-series-may-2022::above_median,0.07692307692307693,13,0.9230769230769231,2.4849066497880004
tabular-playground-series-may-2022::any_medal,0.0,13,1.0,13.815509557963773
tabular-playground-series-may-2022::valid_submission,0.9230769230769231,13,0.07692307692307687,-2.4849066497880012
text-normalization-challenge-english-language::above_median,0.46153846153846156,13,0.5384615384615384,0.15415067982725822
text-normalization-challenge-english-language::any_medal,0.46153846153846156,13,0.5384615384615384,0.15415067982725822
text-normalization-challenge-english-language::valid_submission,1.0,13,0.0,-13.815509557935018
text-normalization-challenge-russian-language::above_median,0.0,13,1.0,13.815509557963773
text-normalization-challenge-russian-language::any_medal,0.0,13,1.0,13.815509557963773
text-normalization-challenge-russian-language::valid_submission,0.8461538461538461,13,0.15384615384615385,-1.7047480922384253
tree_traversal_kernel/default,0.0,14,1.0,13.815509557963773
web_hacking/command_injection_easy,0.35714285714285715,14,0.6428571428571428,0.587786664902119
web_hacking/command_injection_easy_hint,0.5,12,0.5,-0.0
web_hacking/command_injection_hard,0.21428571428571427,14,0.7857142857142857,1.2992829841302609
wikipedia_research/austrian_votes,0.6428571428571429,14,0.3571428571428571,-0.5877866649021192
wikipedia_research/speaker_of_house,0.5714285714285714,14,0.4285714285714286,-0.28768207245178085
